Workbook

Sheet 说明
A1: CreditMetrics 单因子 Excel 模板
A3: 用途 | B3: 基于评级迁移、信用利差与单系统因子模拟，实现 CreditMetrics 风格的组合信用风险测算模板。
A4: 建议流程 | B4: 1. 调整参数 2. 录入迁移矩阵与利差 3. 维护组合输入 4. 查看状态价值 5. 在结果页读取 VaR / ES
A5: 关键假设 | B5: 一年持有期、年度票息、违约价值 = 面值 × 回收率、相关性通过系统因子权重近似。
A6: 扩展方式 | B6: 若需更多债项，复制“组合输入”和“状态价值”行，以及“模拟”中每个债项对应的 5 列块。
A8: 工作表
A9: 参数 | B9: 持有期、置信度、模拟次数、无风险利率
A10: 评级迁移 | B10: 评级迁移矩阵与累计概率
A11: 利差假设 | B11: 远期估值所需的评级利差
A12: 组合输入 | B12: 债项面值、票息、期限、回收率、系统因子权重
A13: 状态价值 | B13: 每个债项在不同迁移终点下的价值与解析统计
A14: 模拟 | B14: 蒙特卡洛模拟场景、迁移结果与组合损失
A15: 结果 | B15: 组合层面的 EL、UL、VaR、ES 与模拟/解析校验

Sheet 参数
A1: 参数 | B1: 值
A2: 持有期(年) | B2: 1
A3: 置信度 | B3: 0.99
A4: 模拟次数(≤500) | B4: 200
A5: 无风险利率 | B5: 0.03
A6: 损失分位数说明 | B6: 结果页 VaR/ES 基于模拟损失分布

Sheet 评级迁移
A1: 当前评级 | B1: AAA | C1: AA | D1: A | E1: BBB | F1: BB | G1: B | H1: CCC | I1: D | K1: 累计AAA | L1: 累计AA | M1: 累计A | N1: 累计BBB | O1: 累计BB | P1: 累计B | Q1: 累计CCC | R1: 累计D | S1: 行和
A2: AAA | B2: 0.9 | C2: 0.085 | D2: 0.01 | E2: 0.003 | F2: 0.001 | G2: 0.0005 | H2: 0 | I2: 0.0005 | K2: =SUM($B2:B2) | L2: =SUM($B2:C2) | M2: =SUM($B2:D2) | N2: =SUM($B2:E2) | O2: =SUM($B2:F2) | P2: =SUM($B2:G2) | Q2: =SUM($B2:H2) | R2: =SUM($B2:I2) | S2: =SUM($B2:$I2)
A3: AA | B3: 0.02 | C3: 0.88 | D3: 0.07 | E3: 0.02 | F3: 0.005 | G3: 0.003 | H3: 0.001 | I3: 0.001 | K3: =SUM($B3:B3) | L3: =SUM($B3:C3) | M3: =SUM($B3:D3) | N3: =SUM($B3:E3) | O3: =SUM($B3:F3) | P3: =SUM($B3:G3) | Q3: =SUM($B3:H3) | R3: =SUM($B3:I3) | S3: =SUM($B3:$I3)
A4: A | B4: 0.005 | C4: 0.03 | D4: 0.87 | E4: 0.07 | F4: 0.015 | G4: 0.005 | H4: 0.003 | I4: 0.002 | K4: =SUM($B4:B4) | L4: =SUM($B4:C4) | M4: =SUM($B4:D4) | N4: =SUM($B4:E4) | O4: =SUM($B4:F4) | P4: =SUM($B4:G4) | Q4: =SUM($B4:H4) | R4: =SUM($B4:I4) | S4: =SUM($B4:$I4)
A5: BBB | B5: 0.001 | C5: 0.01 | D5: 0.06 | E5: 0.83 | F5: 0.06 | G5: 0.02 | H5: 0.01 | I5: 0.009 | K5: =SUM($B5:B5) | L5: =SUM($B5:C5) | M5: =SUM($B5:D5) | N5: =SUM($B5:E5) | O5: =SUM($B5:F5) | P5: =SUM($B5:G5) | Q5: =SUM($B5:H5) | R5: =SUM($B5:I5) | S5: =SUM($B5:$I5)
A6: BB | B6: 0 | C6: 0.003 | D6: 0.015 | E6: 0.07 | F6: 0.79 | G6: 0.08 | H6: 0.02 | I6: 0.022 | K6: =SUM($B6:B6) | L6: =SUM($B6:C6) | M6: =SUM($B6:D6) | N6: =SUM($B6:E6) | O6: =SUM($B6:F6) | P6: =SUM($B6:G6) | Q6: =SUM($B6:H6) | R6: =SUM($B6:I6) | S6: =SUM($B6:$I6)
A7: B | B7: 0 | C7: 0.001 | D7: 0.005 | E7: 0.02 | F7: 0.07 | G7: 0.78 | H7: 0.06 | I7: 0.064 | K7: =SUM($B7:B7) | L7: =SUM($B7:C7) | M7: =SUM($B7:D7) | N7: =SUM($B7:E7) | O7: =SUM($B7:F7) | P7: =SUM($B7:G7) | Q7: =SUM($B7:H7) | R7: =SUM($B7:I7) | S7: =SUM($B7:$I7)
A8: CCC | B8: 0 | C8: 0 | D8: 0.002 | E8: 0.008 | F8: 0.03 | G8: 0.12 | H8: 0.62 | I8: 0.22 | K8: =SUM($B8:B8) | L8: =SUM($B8:C8) | M8: =SUM($B8:D8) | N8: =SUM($B8:E8) | O8: =SUM($B8:F8) | P8: =SUM($B8:G8) | Q8: =SUM($B8:H8) | R8: =SUM($B8:I8) | S8: =SUM($B8:$I8)
A9: D | B9: 0 | C9: 0 | D9: 0 | E9: 0 | F9: 0 | G9: 0 | H9: 0 | I9: 1 | K9: =SUM($B9:B9) | L9: =SUM($B9:C9) | M9: =SUM($B9:D9) | N9: =SUM($B9:E9) | O9: =SUM($B9:F9) | P9: =SUM($B9:G9) | Q9: =SUM($B9:H9) | R9: =SUM($B9:I9) | S9: =SUM($B9:$I9)

Sheet 利差假设
A1: 评级 | B1: 信用利差 | C1: 贴现率(=rf+spread)
A2: AAA | B2: 0.005 | C2: ='参数'!$B$5+B2
A3: AA | B3: 0.008 | C3: ='参数'!$B$5+B3
A4: A | B4: 0.012 | C4: ='参数'!$B$5+B4
A5: BBB | B5: 0.02 | C5: ='参数'!$B$5+B5
A6: BB | B6: 0.04 | C6: ='参数'!$B$5+B6
A7: B | B7: 0.06 | C7: ='参数'!$B$5+B7
A8: CCC | B8: 0.1 | C8: ='参数'!$B$5+B8
A9: D | B9: 0 | C9: ='参数'!$B$5+B9

Sheet 组合输入
A1: 序号 | B1: 债项名称 | C1: 当前评级 | D1: 面值 | E1: 票息率 | F1: 剩余期限(年) | G1: 回收率 | H1: 系统因子权重 | I1: 当前利差 | J1: 当前价值 | K1: 累计AAA | L1: 累计AA | M1: 累计A | N1: 累计BBB | O1: 累计BB | P1: 累计B | Q1: 累计CCC | R1: 累计D
A2: 1 | B2: AutoSupplier | C2: BBB | D2: 10000000 | E2: 0.055 | F2: 5 | G2: 0.4 | H2: 0.45 | I2: =IF($C2="","",INDEX('利差假设'!$B$2:$B$9,MATCH($C2,'利差假设'!$A$2:$A$9,0))) | J2: =IF($C2="","",IF($C2="D",$D2*$G2,IF($F2<=1,$D2*(1+$E2),$D2*$E2+IF('参数'!$B$5+$I2=0,$D2+$D2*$E2*($F2-1),$D2*$E2*(1-(1+'参数'!$B$5+$I2)^-($F2-1))/('参数'!$B$5+$I2)+$D2*(1+'参数'!$B$5+$I2)^-($F2-1))))) | K2: =IF($C2="","",INDEX('评级迁移'!$K$2:$K$9,MATCH($C2,'评级迁移'!$A$2:$A$9,0))) | L2: =IF($C2="","",INDEX('评级迁移'!$L$2:$L$9,MATCH($C2,'评级迁移'!$A$2:$A$9,0))) | M2: =IF($C2="","",INDEX('评级迁移'!$M$2:$M$9,MATCH($C2,'评级迁移'!$A$2:$A$9,0))) | N2: =IF($C2="","",INDEX('评级迁移'!$N$2:$N$9,MATCH($C2,'评级迁移'!$A$2:$A$9,0))) | O2: =IF($C2="","",INDEX('评级迁移'!$O$2:$O$9,MATCH($C2,'评级迁移'!$A$2:$A$9,0))) | P2: =IF($C2="","",INDEX('评级迁移'!$P$2:$P$9,MATCH($C2,'评级迁移'!$A$2:$A$9,0))) | Q2: =IF($C2="","",INDEX('评级迁移'!$Q$2:$Q$9,MATCH($C2,'评级迁移'!$A$2:$A$9,0))) | R2: =IF($C2="","",INDEX('评级迁移'!$R$2:$R$9,MATCH($C2,'评级迁移'!$A$2:$A$9,0)))
A3: 2 | B3: PowerUtility | C3: A | D3: 12000000 | E3: 0.042 | F3: 4 | G3: 0.38 | H3: 0.35 | I3: =IF($C3="","",INDEX('利差假设'!$B$2:$B$9,MATCH($C3,'利差假设'!$A$2:$A$9,0))) | J3: =IF($C3="","",IF($C3="D",$D3*$G3,IF($F3<=1,$D3*(1+$E3),$D3*$E3+IF('参数'!$B$5+$I3=0,$D3+$D3*$E3*($F3-1),$D3*$E3*(1-(1+'参数'!$B$5+$I3)^-($F3-1))/('参数'!$B$5+$I3)+$D3*(1+'参数'!$B$5+$I3)^-($F3-1))))) | K3: =IF($C3="","",INDEX('评级迁移'!$K$2:$K$9,MATCH($C3,'评级迁移'!$A$2:$A$9,0))) | L3: =IF($C3="","",INDEX('评级迁移'!$L$2:$L$9,MATCH($C3,'评级迁移'!$A$2:$A$9,0))) | M3: =IF($C3="","",INDEX('评级迁移'!$M$2:$M$9,MATCH($C3,'评级迁移'!$A$2:$A$9,0))) | N3: =IF($C3="","",INDEX('评级迁移'!$N$2:$N$9,MATCH($C3,'评级迁移'!$A$2:$A$9,0))) | O3: =IF($C3="","",INDEX('评级迁移'!$O$2:$O$9,MATCH($C3,'评级迁移'!$A$2:$A$9,0))) | P3: =IF($C3="","",INDEX('评级迁移'!$P$2:$P$9,MATCH($C3,'评级迁移'!$A$2:$A$9,0))) | Q3: =IF($C3="","",INDEX('评级迁移'!$Q$2:$Q$9,MATCH($C3,'评级迁移'!$A$2:$A$9,0))) | R3: =IF($C3="","",INDEX('评级迁移'!$R$2:$R$9,MATCH($C3,'评级迁移'!$A$2:$A$9,0)))
A4: 3 | B4: RetailCo | C4: BB | D4: 8000000 | E4: 0.068 | F4: 3 | G4: 0.35 | H4: 0.5 | I4: =IF($C4="","",INDEX('利差假设'!$B$2:$B$9,MATCH($C4,'利差假设'!$A$2:$A$9,0))) | J4: =IF($C4="","",IF($C4="D",$D4*$G4,IF($F4<=1,$D4*(1+$E4),$D4*$E4+IF('参数'!$B$5+$I4=0,$D4+$D4*$E4*($F4-1),$D4*$E4*(1-(1+'参数'!$B$5+$I4)^-($F4-1))/('参数'!$B$5+$I4)+$D4*(1+'参数'!$B$5+$I4)^-($F4-1))))) | K4: =IF($C4="","",INDEX('评级迁移'!$K$2:$K$9,MATCH($C4,'评级迁移'!$A$2:$A$9,0))) | L4: =IF($C4="","",INDEX('评级迁移'!$L$2:$L$9,MATCH($C4,'评级迁移'!$A$2:$A$9,0))) | M4: =IF($C4="","",INDEX('评级迁移'!$M$2:$M$9,MATCH($C4,'评级迁移'!$A$2:$A$9,0))) | N4: =IF($C4="","",INDEX('评级迁移'!$N$2:$N$9,MATCH($C4,'评级迁移'!$A$2:$A$9,0))) | O4: =IF($C4="","",INDEX('评级迁移'!$O$2:$O$9,MATCH($C4,'评级迁移'!$A$2:$A$9,0))) | P4: =IF($C4="","",INDEX('评级迁移'!$P$2:$P$9,MATCH($C4,'评级迁移'!$A$2:$A$9,0))) | Q4: =IF($C4="","",INDEX('评级迁移'!$Q$2:$Q$9,MATCH($C4,'评级迁移'!$A$2:$A$9,0))) | R4: =IF($C4="","",INDEX('评级迁移'!$R$2:$R$9,MATCH($C4,'评级迁移'!$A$2:$A$9,0)))
A5: 4 | B5: TelecomInfra | C5: AA | D5: 15000000 | E5: 0.039 | F5: 6 | G5: 0.45 | H5: 0.3 | I5: =IF($C5="","",INDEX('利差假设'!$B$2:$B$9,MATCH($C5,'利差假设'!$A$2:$A$9,0))) | J5: =IF($C5="","",IF($C5="D",$D5*$G5,IF($F5<=1,$D5*(1+$E5),$D5*$E5+IF('参数'!$B$5+$I5=0,$D5+$D5*$E5*($F5-1),$D5*$E5*(1-(1+'参数'!$B$5+$I5)^-($F5-1))/('参数'!$B$5+$I5)+$D5*(1+'参数'!$B$5+$I5)^-($F5-1))))) | K5: =IF($C5="","",INDEX('评级迁移'!$K$2:$K$9,MATCH($C5,'评级迁移'!$A$2:$A$9,0))) | L5: =IF($C5="","",INDEX('评级迁移'!$L$2:$L$9,MATCH($C5,'评级迁移'!$A$2:$A$9,0))) | M5: =IF($C5="","",INDEX('评级迁移'!$M$2:$M$9,MATCH($C5,'评级迁移'!$A$2:$A$9,0))) | N5: =IF($C5="","",INDEX('评级迁移'!$N$2:$N$9,MATCH($C5,'评级迁移'!$A$2:$A$9,0))) | O5: =IF($C5="","",INDEX('评级迁移'!$O$2:$O$9,MATCH($C5,'评级迁移'!$A$2:$A$9,0))) | P5: =IF($C5="","",INDEX('评级迁移'!$P$2:$P$9,MATCH($C5,'评级迁移'!$A$2:$A$9,0))) | Q5: =IF($C5="","",INDEX('评级迁移'!$Q$2:$Q$9,MATCH($C5,'评级迁移'!$A$2:$A$9,0))) | R5: =IF($C5="","",INDEX('评级迁移'!$R$2:$R$9,MATCH($C5,'评级迁移'!$A$2:$A$9,0)))
A6: 5 | B6: PropertyDev | C6: B | D6: 6000000 | E6: 0.085 | F6: 2 | G6: 0.25 | H6: 0.55 | I6: =IF($C6="","",INDEX('利差假设'!$B$2:$B$9,MATCH($C6,'利差假设'!$A$2:$A$9,0))) | J6: =IF($C6="","",IF($C6="D",$D6*$G6,IF($F6<=1,$D6*(1+$E6),$D6*$E6+IF('参数'!$B$5+$I6=0,$D6+$D6*$E6*($F6-1),$D6*$E6*(1-(1+'参数'!$B$5+$I6)^-($F6-1))/('参数'!$B$5+$I6)+$D6*(1+'参数'!$B$5+$I6)^-($F6-1))))) | K6: =IF($C6="","",INDEX('评级迁移'!$K$2:$K$9,MATCH($C6,'评级迁移'!$A$2:$A$9,0))) | L6: =IF($C6="","",INDEX('评级迁移'!$L$2:$L$9,MATCH($C6,'评级迁移'!$A$2:$A$9,0))) | M6: =IF($C6="","",INDEX('评级迁移'!$M$2:$M$9,MATCH($C6,'评级迁移'!$A$2:$A$9,0))) | N6: =IF($C6="","",INDEX('评级迁移'!$N$2:$N$9,MATCH($C6,'评级迁移'!$A$2:$A$9,0))) | O6: =IF($C6="","",INDEX('评级迁移'!$O$2:$O$9,MATCH($C6,'评级迁移'!$A$2:$A$9,0))) | P6: =IF($C6="","",INDEX('评级迁移'!$P$2:$P$9,MATCH($C6,'评级迁移'!$A$2:$A$9,0))) | Q6: =IF($C6="","",INDEX('评级迁移'!$Q$2:$Q$9,MATCH($C6,'评级迁移'!$A$2:$A$9,0))) | R6: =IF($C6="","",INDEX('评级迁移'!$R$2:$R$9,MATCH($C6,'评级迁移'!$A$2:$A$9,0)))
A7: 6 | I7: =IF($C7="","",INDEX('利差假设'!$B$2:$B$9,MATCH($C7,'利差假设'!$A$2:$A$9,0))) | J7: =IF($C7="","",IF($C7="D",$D7*$G7,IF($F7<=1,$D7*(1+$E7),$D7*$E7+IF('参数'!$B$5+$I7=0,$D7+$D7*$E7*($F7-1),$D7*$E7*(1-(1+'参数'!$B$5+$I7)^-($F7-1))/('参数'!$B$5+$I7)+$D7*(1+'参数'!$B$5+$I7)^-($F7-1))))) | K7: =IF($C7="","",INDEX('评级迁移'!$K$2:$K$9,MATCH($C7,'评级迁移'!$A$2:$A$9,0))) | L7: =IF($C7="","",INDEX('评级迁移'!$L$2:$L$9,MATCH($C7,'评级迁移'!$A$2:$A$9,0))) | M7: =IF($C7="","",INDEX('评级迁移'!$M$2:$M$9,MATCH($C7,'评级迁移'!$A$2:$A$9,0))) | N7: =IF($C7="","",INDEX('评级迁移'!$N$2:$N$9,MATCH($C7,'评级迁移'!$A$2:$A$9,0))) | O7: =IF($C7="","",INDEX('评级迁移'!$O$2:$O$9,MATCH($C7,'评级迁移'!$A$2:$A$9,0))) | P7: =IF($C7="","",INDEX('评级迁移'!$P$2:$P$9,MATCH($C7,'评级迁移'!$A$2:$A$9,0))) | Q7: =IF($C7="","",INDEX('评级迁移'!$Q$2:$Q$9,MATCH($C7,'评级迁移'!$A$2:$A$9,0))) | R7: =IF($C7="","",INDEX('评级迁移'!$R$2:$R$9,MATCH($C7,'评级迁移'!$A$2:$A$9,0)))
A8: 7 | I8: =IF($C8="","",INDEX('利差假设'!$B$2:$B$9,MATCH($C8,'利差假设'!$A$2:$A$9,0))) | J8: =IF($C8="","",IF($C8="D",$D8*$G8,IF($F8<=1,$D8*(1+$E8),$D8*$E8+IF('参数'!$B$5+$I8=0,$D8+$D8*$E8*($F8-1),$D8*$E8*(1-(1+'参数'!$B$5+$I8)^-($F8-1))/('参数'!$B$5+$I8)+$D8*(1+'参数'!$B$5+$I8)^-($F8-1))))) | K8: =IF($C8="","",INDEX('评级迁移'!$K$2:$K$9,MATCH($C8,'评级迁移'!$A$2:$A$9,0))) | L8: =IF($C8="","",INDEX('评级迁移'!$L$2:$L$9,MATCH($C8,'评级迁移'!$A$2:$A$9,0))) | M8: =IF($C8="","",INDEX('评级迁移'!$M$2:$M$9,MATCH($C8,'评级迁移'!$A$2:$A$9,0))) | N8: =IF($C8="","",INDEX('评级迁移'!$N$2:$N$9,MATCH($C8,'评级迁移'!$A$2:$A$9,0))) | O8: =IF($C8="","",INDEX('评级迁移'!$O$2:$O$9,MATCH($C8,'评级迁移'!$A$2:$A$9,0))) | P8: =IF($C8="","",INDEX('评级迁移'!$P$2:$P$9,MATCH($C8,'评级迁移'!$A$2:$A$9,0))) | Q8: =IF($C8="","",INDEX('评级迁移'!$Q$2:$Q$9,MATCH($C8,'评级迁移'!$A$2:$A$9,0))) | R8: =IF($C8="","",INDEX('评级迁移'!$R$2:$R$9,MATCH($C8,'评级迁移'!$A$2:$A$9,0)))
A9: 8 | I9: =IF($C9="","",INDEX('利差假设'!$B$2:$B$9,MATCH($C9,'利差假设'!$A$2:$A$9,0))) | J9: =IF($C9="","",IF($C9="D",$D9*$G9,IF($F9<=1,$D9*(1+$E9),$D9*$E9+IF('参数'!$B$5+$I9=0,$D9+$D9*$E9*($F9-1),$D9*$E9*(1-(1+'参数'!$B$5+$I9)^-($F9-1))/('参数'!$B$5+$I9)+$D9*(1+'参数'!$B$5+$I9)^-($F9-1))))) | K9: =IF($C9="","",INDEX('评级迁移'!$K$2:$K$9,MATCH($C9,'评级迁移'!$A$2:$A$9,0))) | L9: =IF($C9="","",INDEX('评级迁移'!$L$2:$L$9,MATCH($C9,'评级迁移'!$A$2:$A$9,0))) | M9: =IF($C9="","",INDEX('评级迁移'!$M$2:$M$9,MATCH($C9,'评级迁移'!$A$2:$A$9,0))) | N9: =IF($C9="","",INDEX('评级迁移'!$N$2:$N$9,MATCH($C9,'评级迁移'!$A$2:$A$9,0))) | O9: =IF($C9="","",INDEX('评级迁移'!$O$2:$O$9,MATCH($C9,'评级迁移'!$A$2:$A$9,0))) | P9: =IF($C9="","",INDEX('评级迁移'!$P$2:$P$9,MATCH($C9,'评级迁移'!$A$2:$A$9,0))) | Q9: =IF($C9="","",INDEX('评级迁移'!$Q$2:$Q$9,MATCH($C9,'评级迁移'!$A$2:$A$9,0))) | R9: =IF($C9="","",INDEX('评级迁移'!$R$2:$R$9,MATCH($C9,'评级迁移'!$A$2:$A$9,0)))
A10: 9 | I10: =IF($C10="","",INDEX('利差假设'!$B$2:$B$9,MATCH($C10,'利差假设'!$A$2:$A$9,0))) | J10: =IF($C10="","",IF($C10="D",$D10*$G10,IF($F10<=1,$D10*(1+$E10),$D10*$E10+IF('参数'!$B$5+$I10=0,$D10+$D10*$E10*($F10-1),$D10*$E10*(1-(1+'参数'!$B$5+$I10)^-($F10-1))/('参数'!$B$5+$I10)+$D10*(1+'参数'!$B$5+$I10)^-($F10-1))))) | K10: =IF($C10="","",INDEX('评级迁移'!$K$2:$K$9,MATCH($C10,'评级迁移'!$A$2:$A$9,0))) | L10: =IF($C10="","",INDEX('评级迁移'!$L$2:$L$9,MATCH($C10,'评级迁移'!$A$2:$A$9,0))) | M10: =IF($C10="","",INDEX('评级迁移'!$M$2:$M$9,MATCH($C10,'评级迁移'!$A$2:$A$9,0))) | N10: =IF($C10="","",INDEX('评级迁移'!$N$2:$N$9,MATCH($C10,'评级迁移'!$A$2:$A$9,0))) | O10: =IF($C10="","",INDEX('评级迁移'!$O$2:$O$9,MATCH($C10,'评级迁移'!$A$2:$A$9,0))) | P10: =IF($C10="","",INDEX('评级迁移'!$P$2:$P$9,MATCH($C10,'评级迁移'!$A$2:$A$9,0))) | Q10: =IF($C10="","",INDEX('评级迁移'!$Q$2:$Q$9,MATCH($C10,'评级迁移'!$A$2:$A$9,0))) | R10: =IF($C10="","",INDEX('评级迁移'!$R$2:$R$9,MATCH($C10,'评级迁移'!$A$2:$A$9,0)))
A11: 10 | I11: =IF($C11="","",INDEX('利差假设'!$B$2:$B$9,MATCH($C11,'利差假设'!$A$2:$A$9,0))) | J11: =IF($C11="","",IF($C11="D",$D11*$G11,IF($F11<=1,$D11*(1+$E11),$D11*$E11+IF('参数'!$B$5+$I11=0,$D11+$D11*$E11*($F11-1),$D11*$E11*(1-(1+'参数'!$B$5+$I11)^-($F11-1))/('参数'!$B$5+$I11)+$D11*(1+'参数'!$B$5+$I11)^-($F11-1))))) | K11: =IF($C11="","",INDEX('评级迁移'!$K$2:$K$9,MATCH($C11,'评级迁移'!$A$2:$A$9,0))) | L11: =IF($C11="","",INDEX('评级迁移'!$L$2:$L$9,MATCH($C11,'评级迁移'!$A$2:$A$9,0))) | M11: =IF($C11="","",INDEX('评级迁移'!$M$2:$M$9,MATCH($C11,'评级迁移'!$A$2:$A$9,0))) | N11: =IF($C11="","",INDEX('评级迁移'!$N$2:$N$9,MATCH($C11,'评级迁移'!$A$2:$A$9,0))) | O11: =IF($C11="","",INDEX('评级迁移'!$O$2:$O$9,MATCH($C11,'评级迁移'!$A$2:$A$9,0))) | P11: =IF($C11="","",INDEX('评级迁移'!$P$2:$P$9,MATCH($C11,'评级迁移'!$A$2:$A$9,0))) | Q11: =IF($C11="","",INDEX('评级迁移'!$Q$2:$Q$9,MATCH($C11,'评级迁移'!$A$2:$A$9,0))) | R11: =IF($C11="","",INDEX('评级迁移'!$R$2:$R$9,MATCH($C11,'评级迁移'!$A$2:$A$9,0)))

Sheet 状态价值
A1: 序号 | B1: 债项名称 | C1: 当前评级 | D1: AAA | E1: AA | F1: A | G1: BBB | H1: BB | I1: B | J1: CCC | K1: D | L1: 解析期望价值 | M1: 解析波动率 | N1: 期望损失 | O1: 最差状态损失
A2: ='组合输入'!A2 | B2: ='组合输入'!B2 | C2: ='组合输入'!C2 | D2: =IF($C2="","",IF(D$1="D",'组合输入'!$D2*'组合输入'!$G2,IF('组合输入'!$F2<=1,'组合输入'!$D2*(1+'组合输入'!$E2),'组合输入'!$D2*'组合输入'!$E2+IF('参数'!$B$5+INDEX('利差假设'!$B$2:$B$9,MATCH(D$1,'利差假设'!$A$2:$A$9,0))=0,'组合输入'!$D2+'组合输入'!$D2*'组合输入'!$E2*('组合输入'!$F2-1),'组合输入'!$D2*'组合输入'!$E2*(1-(1+'参数'!$B$5+INDEX('利差假设'!$B$2:$B$9,MATCH(D$1,'利差假设'!$A$2:$A$9,0)))^-('组合输入'!$F2-1))/('参数'!$B$5+INDEX('利差假设'!$B$2:$B$9,MATCH(D$1,'利差假设'!$A$2:$A$9,0)))+'组合输入'!$D2*(1+'参数'!$B$5+INDEX('利差假设'!$B$2:$B$9,MATCH(D$1,'利差假设'!$A$2:$A$9,0)))^-('组合输入'!$F2-1))))) | E2: =IF($C2="","",IF(E$1="D",'组合输入'!$D2*'组合输入'!$G2,IF('组合输入'!$F2<=1,'组合输入'!$D2*(1+'组合输入'!$E2),'组合输入'!$D2*'组合输入'!$E2+IF('参数'!$B$5+INDEX('利差假设'!$B$2:$B$9,MATCH(E$1,'利差假设'!$A$2:$A$9,0))=0,'组合输入'!$D2+'组合输入'!$D2*'组合输入'!$E2*('组合输入'!$F2-1),'组合输入'!$D2*'组合输入'!$E2*(1-(1+'参数'!$B$5+INDEX('利差假设'!$B$2:$B$9,MATCH(E$1,'利差假设'!$A$2:$A$9,0)))^-('组合输入'!$F2-1))/('参数'!$B$5+INDEX('利差假设'!$B$2:$B$9,MATCH(E$1,'利差假设'!$A$2:$A$9,0)))+'组合输入'!$D2*(1+'参数'!$B$5+INDEX('利差假设'!$B$2:$B$9,MATCH(E$1,'利差假设'!$A$2:$A$9,0)))^-('组合输入'!$F2-1))))) | F2: =IF($C2="","",IF(F$1="D",'组合输入'!$D2*'组合输入'!$G2,IF('组合输入'!$F2<=1,'组合输入'!$D2*(1+'组合输入'!$E2),'组合输入'!$D2*'组合输入'!$E2+IF('参数'!$B$5+INDEX('利差假设'!$B$2:$B$9,MATCH(F$1,'利差假设'!$A$2:$A$9,0))=0,'组合输入'!$D2+'组合输入'!$D2*'组合输入'!$E2*('组合输入'!$F2-1),'组合输入'!$D2*'组合输入'!$E2*(1-(1+'参数'!$B$5+INDEX('利差假设'!$B$2:$B$9,MATCH(F$1,'利差假设'!$A$2:$A$9,0)))^-('组合输入'!$F2-1))/('参数'!$B$5+INDEX('利差假设'!$B$2:$B$9,MATCH(F$1,'利差假设'!$A$2:$A$9,0)))+'组合输入'!$D2*(1+'参数'!$B$5+INDEX('利差假设'!$B$2:$B$9,MATCH(F$1,'利差假设'!$A$2:$A$9,0)))^-('组合输入'!$F2-1))))) | G2: =IF($C2="","",IF(G$1="D",'组合输入'!$D2*'组合输入'!$G2,IF('组合输入'!$F2<=1,'组合输入'!$D2*(1+'组合输入'!$E2),'组合输入'!$D2*'组合输入'!$E2+IF('参数'!$B$5+INDEX('利差假设'!$B$2:$B$9,MATCH(G$1,'利差假设'!$A$2:$A$9,0))=0,'组合输入'!$D2+'组合输入'!$D2*'组合输入'!$E2*('组合输入'!$F2-1),'组合输入'!$D2*'组合输入'!$E2*(1-(1+'参数'!$B$5+INDEX('利差假设'!$B$2:$B$9,MATCH(G$1,'利差假设'!$A$2:$A$9,0)))^-('组合输入'!$F2-1))/('参数'!$B$5+INDEX('利差假设'!$B$2:$B$9,MATCH(G$1,'利差假设'!$A$2:$A$9,0)))+'组合输入'!$D2*(1+'参数'!$B$5+INDEX('利差假设'!$B$2:$B$9,MATCH(G$1,'利差假设'!$A$2:$A$9,0)))^-('组合输入'!$F2-1))))) | H2: =IF($C2="","",IF(H$1="D",'组合输入'!$D2*'组合输入'!$G2,IF('组合输入'!$F2<=1,'组合输入'!$D2*(1+'组合输入'!$E2),'组合输入'!$D2*'组合输入'!$E2+IF('参数'!$B$5+INDEX('利差假设'!$B$2:$B$9,MATCH(H$1,'利差假设'!$A$2:$A$9,0))=0,'组合输入'!$D2+'组合输入'!$D2*'组合输入'!$E2*('组合输入'!$F2-1),'组合输入'!$D2*'组合输入'!$E2*(1-(1+'参数'!$B$5+INDEX('利差假设'!$B$2:$B$9,MATCH(H$1,'利差假设'!$A$2:$A$9,0)))^-('组合输入'!$F2-1))/('参数'!$B$5+INDEX('利差假设'!$B$2:$B$9,MATCH(H$1,'利差假设'!$A$2:$A$9,0)))+'组合输入'!$D2*(1+'参数'!$B$5+INDEX('利差假设'!$B$2:$B$9,MATCH(H$1,'利差假设'!$A$2:$A$9,0)))^-('组合输入'!$F2-1))))) | I2: =IF($C2="","",IF(I$1="D",'组合输入'!$D2*'组合输入'!$G2,IF('组合输入'!$F2<=1,'组合输入'!$D2*(1+'组合输入'!$E2),'组合输入'!$D2*'组合输入'!$E2+IF('参数'!$B$5+INDEX('利差假设'!$B$2:$B$9,MATCH(I$1,'利差假设'!$A$2:$A$9,0))=0,'组合输入'!$D2+'组合输入'!$D2*'组合输入'!$E2*('组合输入'!$F2-1),'组合输入'!$D2*'组合输入'!$E2*(1-(1+'参数'!$B$5+INDEX('利差假设'!$B$2:$B$9,MATCH(I$1,'利差假设'!$A$2:$A$9,0)))^-('组合输入'!$F2-1))/('参数'!$B$5+INDEX('利差假设'!$B$2:$B$9,MATCH(I$1,'利差假设'!$A$2:$A$9,0)))+'组合输入'!$D2*(1+'参数'!$B$5+INDEX('利差假设'!$B$2:$B$9,MATCH(I$1,'利差假设'!$A$2:$A$9,0)))^-('组合输入'!$F2-1))))) | J2: =IF($C2="","",IF(J$1="D",'组合输入'!$D2*'组合输入'!$G2,IF('组合输入'!$F2<=1,'组合输入'!$D2*(1+'组合输入'!$E2),'组合输入'!$D2*'组合输入'!$E2+IF('参数'!$B$5+INDEX('利差假设'!$B$2:$B$9,MATCH(J$1,'利差假设'!$A$2:$A$9,0))=0,'组合输入'!$D2+'组合输入'!$D2*'组合输入'!$E2*('组合输入'!$F2-1),'组合输入'!$D2*'组合输入'!$E2*(1-(1+'参数'!$B$5+INDEX('利差假设'!$B$2:$B$9,MATCH(J$1,'利差假设'!$A$2:$A$9,0)))^-('组合输入'!$F2-1))/('参数'!$B$5+INDEX('利差假设'!$B$2:$B$9,MATCH(J$1,'利差假设'!$A$2:$A$9,0)))+'组合输入'!$D2*(1+'参数'!$B$5+INDEX('利差假设'!$B$2:$B$9,MATCH(J$1,'利差假设'!$A$2:$A$9,0)))^-('组合输入'!$F2-1))))) | K2: =IF($C2="","",IF(K$1="D",'组合输入'!$D2*'组合输入'!$G2,IF('组合输入'!$F2<=1,'组合输入'!$D2*(1+'组合输入'!$E2),'组合输入'!$D2*'组合输入'!$E2+IF('参数'!$B$5+INDEX('利差假设'!$B$2:$B$9,MATCH(K$1,'利差假设'!$A$2:$A$9,0))=0,'组合输入'!$D2+'组合输入'!$D2*'组合输入'!$E2*('组合输入'!$F2-1),'组合输入'!$D2*'组合输入'!$E2*(1-(1+'参数'!$B$5+INDEX('利差假设'!$B$2:$B$9,MATCH(K$1,'利差假设'!$A$2:$A$9,0)))^-('组合输入'!$F2-1))/('参数'!$B$5+INDEX('利差假设'!$B$2:$B$9,MATCH(K$1,'利差假设'!$A$2:$A$9,0)))+'组合输入'!$D2*(1+'参数'!$B$5+INDEX('利差假设'!$B$2:$B$9,MATCH(K$1,'利差假设'!$A$2:$A$9,0)))^-('组合输入'!$F2-1))))) | L2: =IF($C2="","",SUMPRODUCT(INDEX('评级迁移'!$B$2:$I$9,MATCH($C2,'评级迁移'!$A$2:$A$9,0),0),$D2:$K2)) | M2: =IF($C2="","",SQRT(SUMPRODUCT(INDEX('评级迁移'!$B$2:$I$9,MATCH($C2,'评级迁移'!$A$2:$A$9,0),0),($D2:$K2-$L2)*($D2:$K2-$L2)))) | N2: =IF($C2="","",'组合输入'!$J2-$L2) | O2: =IF($C2="","",'组合输入'!$J2-MIN($D2:$K2))
A3: ='组合输入'!A3 | B3: ='组合输入'!B3 | C3: ='组合输入'!C3 | D3: =IF($C3="","",IF(D$1="D",'组合输入'!$D3*'组合输入'!$G3,IF('组合输入'!$F3<=1,'组合输入'!$D3*(1+'组合输入'!$E3),'组合输入'!$D3*'组合输入'!$E3+IF('参数'!$B$5+INDEX('利差假设'!$B$2:$B$9,MATCH(D$1,'利差假设'!$A$2:$A$9,0))=0,'组合输入'!$D3+'组合输入'!$D3*'组合输入'!$E3*('组合输入'!$F3-1),'组合输入'!$D3*'组合输入'!$E3*(1-(1+'参数'!$B$5+INDEX('利差假设'!$B$2:$B$9,MATCH(D$1,'利差假设'!$A$2:$A$9,0)))^-('组合输入'!$F3-1))/('参数'!$B$5+INDEX('利差假设'!$B$2:$B$9,MATCH(D$1,'利差假设'!$A$2:$A$9,0)))+'组合输入'!$D3*(1+'参数'!$B$5+INDEX('利差假设'!$B$2:$B$9,MATCH(D$1,'利差假设'!$A$2:$A$9,0)))^-('组合输入'!$F3-1))))) | E3: =IF($C3="","",IF(E$1="D",'组合输入'!$D3*'组合输入'!$G3,IF('组合输入'!$F3<=1,'组合输入'!$D3*(1+'组合输入'!$E3),'组合输入'!$D3*'组合输入'!$E3+IF('参数'!$B$5+INDEX('利差假设'!$B$2:$B$9,MATCH(E$1,'利差假设'!$A$2:$A$9,0))=0,'组合输入'!$D3+'组合输入'!$D3*'组合输入'!$E3*('组合输入'!$F3-1),'组合输入'!$D3*'组合输入'!$E3*(1-(1+'参数'!$B$5+INDEX('利差假设'!$B$2:$B$9,MATCH(E$1,'利差假设'!$A$2:$A$9,0)))^-('组合输入'!$F3-1))/('参数'!$B$5+INDEX('利差假设'!$B$2:$B$9,MATCH(E$1,'利差假设'!$A$2:$A$9,0)))+'组合输入'!$D3*(1+'参数'!$B$5+INDEX('利差假设'!$B$2:$B$9,MATCH(E$1,'利差假设'!$A$2:$A$9,0)))^-('组合输入'!$F3-1))))) | F3: =IF($C3="","",IF(F$1="D",'组合输入'!$D3*'组合输入'!$G3,IF('组合输入'!$F3<=1,'组合输入'!$D3*(1+'组合输入'!$E3),'组合输入'!$D3*'组合输入'!$E3+IF('参数'!$B$5+INDEX('利差假设'!$B$2:$B$9,MATCH(F$1,'利差假设'!$A$2:$A$9,0))=0,'组合输入'!$D3+'组合输入'!$D3*'组合输入'!$E3*('组合输入'!$F3-1),'组合输入'!$D3*'组合输入'!$E3*(1-(1+'参数'!$B$5+INDEX('利差假设'!$B$2:$B$9,MATCH(F$1,'利差假设'!$A$2:$A$9,0)))^-('组合输入'!$F3-1))/('参数'!$B$5+INDEX('利差假设'!$B$2:$B$9,MATCH(F$1,'利差假设'!$A$2:$A$9,0)))+'组合输入'!$D3*(1+'参数'!$B$5+INDEX('利差假设'!$B$2:$B$9,MATCH(F$1,'利差假设'!$A$2:$A$9,0)))^-('组合输入'!$F3-1))))) | G3: =IF($C3="","",IF(G$1="D",'组合输入'!$D3*'组合输入'!$G3,IF('组合输入'!$F3<=1,'组合输入'!$D3*(1+'组合输入'!$E3),'组合输入'!$D3*'组合输入'!$E3+IF('参数'!$B$5+INDEX('利差假设'!$B$2:$B$9,MATCH(G$1,'利差假设'!$A$2:$A$9,0))=0,'组合输入'!$D3+'组合输入'!$D3*'组合输入'!$E3*('组合输入'!$F3-1),'组合输入'!$D3*'组合输入'!$E3*(1-(1+'参数'!$B$5+INDEX('利差假设'!$B$2:$B$9,MATCH(G$1,'利差假设'!$A$2:$A$9,0)))^-('组合输入'!$F3-1))/('参数'!$B$5+INDEX('利差假设'!$B$2:$B$9,MATCH(G$1,'利差假设'!$A$2:$A$9,0)))+'组合输入'!$D3*(1+'参数'!$B$5+INDEX('利差假设'!$B$2:$B$9,MATCH(G$1,'利差假设'!$A$2:$A$9,0)))^-('组合输入'!$F3-1))))) | H3: =IF($C3="","",IF(H$1="D",'组合输入'!$D3*'组合输入'!$G3,IF('组合输入'!$F3<=1,'组合输入'!$D3*(1+'组合输入'!$E3),'组合输入'!$D3*'组合输入'!$E3+IF('参数'!$B$5+INDEX('利差假设'!$B$2:$B$9,MATCH(H$1,'利差假设'!$A$2:$A$9,0))=0,'组合输入'!$D3+'组合输入'!$D3*'组合输入'!$E3*('组合输入'!$F3-1),'组合输入'!$D3*'组合输入'!$E3*(1-(1+'参数'!$B$5+INDEX('利差假设'!$B$2:$B$9,MATCH(H$1,'利差假设'!$A$2:$A$9,0)))^-('组合输入'!$F3-1))/('参数'!$B$5+INDEX('利差假设'!$B$2:$B$9,MATCH(H$1,'利差假设'!$A$2:$A$9,0)))+'组合输入'!$D3*(1+'参数'!$B$5+INDEX('利差假设'!$B$2:$B$9,MATCH(H$1,'利差假设'!$A$2:$A$9,0)))^-('组合输入'!$F3-1))))) | I3: =IF($C3="","",IF(I$1="D",'组合输入'!$D3*'组合输入'!$G3,IF('组合输入'!$F3<=1,'组合输入'!$D3*(1+'组合输入'!$E3),'组合输入'!$D3*'组合输入'!$E3+IF('参数'!$B$5+INDEX('利差假设'!$B$2:$B$9,MATCH(I$1,'利差假设'!$A$2:$A$9,0))=0,'组合输入'!$D3+'组合输入'!$D3*'组合输入'!$E3*('组合输入'!$F3-1),'组合输入'!$D3*'组合输入'!$E3*(1-(1+'参数'!$B$5+INDEX('利差假设'!$B$2:$B$9,MATCH(I$1,'利差假设'!$A$2:$A$9,0)))^-('组合输入'!$F3-1))/('参数'!$B$5+INDEX('利差假设'!$B$2:$B$9,MATCH(I$1,'利差假设'!$A$2:$A$9,0)))+'组合输入'!$D3*(1+'参数'!$B$5+INDEX('利差假设'!$B$2:$B$9,MATCH(I$1,'利差假设'!$A$2:$A$9,0)))^-('组合输入'!$F3-1))))) | J3: =IF($C3="","",IF(J$1="D",'组合输入'!$D3*'组合输入'!$G3,IF('组合输入'!$F3<=1,'组合输入'!$D3*(1+'组合输入'!$E3),'组合输入'!$D3*'组合输入'!$E3+IF('参数'!$B$5+INDEX('利差假设'!$B$2:$B$9,MATCH(J$1,'利差假设'!$A$2:$A$9,0))=0,'组合输入'!$D3+'组合输入'!$D3*'组合输入'!$E3*('组合输入'!$F3-1),'组合输入'!$D3*'组合输入'!$E3*(1-(1+'参数'!$B$5+INDEX('利差假设'!$B$2:$B$9,MATCH(J$1,'利差假设'!$A$2:$A$9,0)))^-('组合输入'!$F3-1))/('参数'!$B$5+INDEX('利差假设'!$B$2:$B$9,MATCH(J$1,'利差假设'!$A$2:$A$9,0)))+'组合输入'!$D3*(1+'参数'!$B$5+INDEX('利差假设'!$B$2:$B$9,MATCH(J$1,'利差假设'!$A$2:$A$9,0)))^-('组合输入'!$F3-1))))) | K3: =IF($C3="","",IF(K$1="D",'组合输入'!$D3*'组合输入'!$G3,IF('组合输入'!$F3<=1,'组合输入'!$D3*(1+'组合输入'!$E3),'组合输入'!$D3*'组合输入'!$E3+IF('参数'!$B$5+INDEX('利差假设'!$B$2:$B$9,MATCH(K$1,'利差假设'!$A$2:$A$9,0))=0,'组合输入'!$D3+'组合输入'!$D3*'组合输入'!$E3*('组合输入'!$F3-1),'组合输入'!$D3*'组合输入'!$E3*(1-(1+'参数'!$B$5+INDEX('利差假设'!$B$2:$B$9,MATCH(K$1,'利差假设'!$A$2:$A$9,0)))^-('组合输入'!$F3-1))/('参数'!$B$5+INDEX('利差假设'!$B$2:$B$9,MATCH(K$1,'利差假设'!$A$2:$A$9,0)))+'组合输入'!$D3*(1+'参数'!$B$5+INDEX('利差假设'!$B$2:$B$9,MATCH(K$1,'利差假设'!$A$2:$A$9,0)))^-('组合输入'!$F3-1))))) | L3: =IF($C3="","",SUMPRODUCT(INDEX('评级迁移'!$B$2:$I$9,MATCH($C3,'评级迁移'!$A$2:$A$9,0),0),$D3:$K3)) | M3: =IF($C3="","",SQRT(SUMPRODUCT(INDEX('评级迁移'!$B$2:$I$9,MATCH($C3,'评级迁移'!$A$2:$A$9,0),0),($D3:$K3-$L3)*($D3:$K3-$L3)))) | N3: =IF($C3="","",'组合输入'!$J3-$L3) | O3: =IF($C3="","",'组合输入'!$J3-MIN($D3:$K3))
A4: ='组合输入'!A4 | B4: ='组合输入'!B4 | C4: ='组合输入'!C4 | D4: =IF($C4="","",IF(D$1="D",'组合输入'!$D4*'组合输入'!$G4,IF('组合输入'!$F4<=1,'组合输入'!$D4*(1+'组合输入'!$E4),'组合输入'!$D4*'组合输入'!$E4+IF('参数'!$B$5+INDEX('利差假设'!$B$2:$B$9,MATCH(D$1,'利差假设'!$A$2:$A$9,0))=0,'组合输入'!$D4+'组合输入'!$D4*'组合输入'!$E4*('组合输入'!$F4-1),'组合输入'!$D4*'组合输入'!$E4*(1-(1+'参数'!$B$5+INDEX('利差假设'!$B$2:$B$9,MATCH(D$1,'利差假设'!$A$2:$A$9,0)))^-('组合输入'!$F4-1))/('参数'!$B$5+INDEX('利差假设'!$B$2:$B$9,MATCH(D$1,'利差假设'!$A$2:$A$9,0)))+'组合输入'!$D4*(1+'参数'!$B$5+INDEX('利差假设'!$B$2:$B$9,MATCH(D$1,'利差假设'!$A$2:$A$9,0)))^-('组合输入'!$F4-1))))) | E4: =IF($C4="","",IF(E$1="D",'组合输入'!$D4*'组合输入'!$G4,IF('组合输入'!$F4<=1,'组合输入'!$D4*(1+'组合输入'!$E4),'组合输入'!$D4*'组合输入'!$E4+IF('参数'!$B$5+INDEX('利差假设'!$B$2:$B$9,MATCH(E$1,'利差假设'!$A$2:$A$9,0))=0,'组合输入'!$D4+'组合输入'!$D4*'组合输入'!$E4*('组合输入'!$F4-1),'组合输入'!$D4*'组合输入'!$E4*(1-(1+'参数'!$B$5+INDEX('利差假设'!$B$2:$B$9,MATCH(E$1,'利差假设'!$A$2:$A$9,0)))^-('组合输入'!$F4-1))/('参数'!$B$5+INDEX('利差假设'!$B$2:$B$9,MATCH(E$1,'利差假设'!$A$2:$A$9,0)))+'组合输入'!$D4*(1+'参数'!$B$5+INDEX('利差假设'!$B$2:$B$9,MATCH(E$1,'利差假设'!$A$2:$A$9,0)))^-('组合输入'!$F4-1))))) | F4: =IF($C4="","",IF(F$1="D",'组合输入'!$D4*'组合输入'!$G4,IF('组合输入'!$F4<=1,'组合输入'!$D4*(1+'组合输入'!$E4),'组合输入'!$D4*'组合输入'!$E4+IF('参数'!$B$5+INDEX('利差假设'!$B$2:$B$9,MATCH(F$1,'利差假设'!$A$2:$A$9,0))=0,'组合输入'!$D4+'组合输入'!$D4*'组合输入'!$E4*('组合输入'!$F4-1),'组合输入'!$D4*'组合输入'!$E4*(1-(1+'参数'!$B$5+INDEX('利差假设'!$B$2:$B$9,MATCH(F$1,'利差假设'!$A$2:$A$9,0)))^-('组合输入'!$F4-1))/('参数'!$B$5+INDEX('利差假设'!$B$2:$B$9,MATCH(F$1,'利差假设'!$A$2:$A$9,0)))+'组合输入'!$D4*(1+'参数'!$B$5+INDEX('利差假设'!$B$2:$B$9,MATCH(F$1,'利差假设'!$A$2:$A$9,0)))^-('组合输入'!$F4-1))))) | G4: =IF($C4="","",IF(G$1="D",'组合输入'!$D4*'组合输入'!$G4,IF('组合输入'!$F4<=1,'组合输入'!$D4*(1+'组合输入'!$E4),'组合输入'!$D4*'组合输入'!$E4+IF('参数'!$B$5+INDEX('利差假设'!$B$2:$B$9,MATCH(G$1,'利差假设'!$A$2:$A$9,0))=0,'组合输入'!$D4+'组合输入'!$D4*'组合输入'!$E4*('组合输入'!$F4-1),'组合输入'!$D4*'组合输入'!$E4*(1-(1+'参数'!$B$5+INDEX('利差假设'!$B$2:$B$9,MATCH(G$1,'利差假设'!$A$2:$A$9,0)))^-('组合输入'!$F4-1))/('参数'!$B$5+INDEX('利差假设'!$B$2:$B$9,MATCH(G$1,'利差假设'!$A$2:$A$9,0)))+'组合输入'!$D4*(1+'参数'!$B$5+INDEX('利差假设'!$B$2:$B$9,MATCH(G$1,'利差假设'!$A$2:$A$9,0)))^-('组合输入'!$F4-1))))) | H4: =IF($C4="","",IF(H$1="D",'组合输入'!$D4*'组合输入'!$G4,IF('组合输入'!$F4<=1,'组合输入'!$D4*(1+'组合输入'!$E4),'组合输入'!$D4*'组合输入'!$E4+IF('参数'!$B$5+INDEX('利差假设'!$B$2:$B$9,MATCH(H$1,'利差假设'!$A$2:$A$9,0))=0,'组合输入'!$D4+'组合输入'!$D4*'组合输入'!$E4*('组合输入'!$F4-1),'组合输入'!$D4*'组合输入'!$E4*(1-(1+'参数'!$B$5+INDEX('利差假设'!$B$2:$B$9,MATCH(H$1,'利差假设'!$A$2:$A$9,0)))^-('组合输入'!$F4-1))/('参数'!$B$5+INDEX('利差假设'!$B$2:$B$9,MATCH(H$1,'利差假设'!$A$2:$A$9,0)))+'组合输入'!$D4*(1+'参数'!$B$5+INDEX('利差假设'!$B$2:$B$9,MATCH(H$1,'利差假设'!$A$2:$A$9,0)))^-('组合输入'!$F4-1))))) | I4: =IF($C4="","",IF(I$1="D",'组合输入'!$D4*'组合输入'!$G4,IF('组合输入'!$F4<=1,'组合输入'!$D4*(1+'组合输入'!$E4),'组合输入'!$D4*'组合输入'!$E4+IF('参数'!$B$5+INDEX('利差假设'!$B$2:$B$9,MATCH(I$1,'利差假设'!$A$2:$A$9,0))=0,'组合输入'!$D4+'组合输入'!$D4*'组合输入'!$E4*('组合输入'!$F4-1),'组合输入'!$D4*'组合输入'!$E4*(1-(1+'参数'!$B$5+INDEX('利差假设'!$B$2:$B$9,MATCH(I$1,'利差假设'!$A$2:$A$9,0)))^-('组合输入'!$F4-1))/('参数'!$B$5+INDEX('利差假设'!$B$2:$B$9,MATCH(I$1,'利差假设'!$A$2:$A$9,0)))+'组合输入'!$D4*(1+'参数'!$B$5+INDEX('利差假设'!$B$2:$B$9,MATCH(I$1,'利差假设'!$A$2:$A$9,0)))^-('组合输入'!$F4-1))))) | J4: =IF($C4="","",IF(J$1="D",'组合输入'!$D4*'组合输入'!$G4,IF('组合输入'!$F4<=1,'组合输入'!$D4*(1+'组合输入'!$E4),'组合输入'!$D4*'组合输入'!$E4+IF('参数'!$B$5+INDEX('利差假设'!$B$2:$B$9,MATCH(J$1,'利差假设'!$A$2:$A$9,0))=0,'组合输入'!$D4+'组合输入'!$D4*'组合输入'!$E4*('组合输入'!$F4-1),'组合输入'!$D4*'组合输入'!$E4*(1-(1+'参数'!$B$5+INDEX('利差假设'!$B$2:$B$9,MATCH(J$1,'利差假设'!$A$2:$A$9,0)))^-('组合输入'!$F4-1))/('参数'!$B$5+INDEX('利差假设'!$B$2:$B$9,MATCH(J$1,'利差假设'!$A$2:$A$9,0)))+'组合输入'!$D4*(1+'参数'!$B$5+INDEX('利差假设'!$B$2:$B$9,MATCH(J$1,'利差假设'!$A$2:$A$9,0)))^-('组合输入'!$F4-1))))) | K4: =IF($C4="","",IF(K$1="D",'组合输入'!$D4*'组合输入'!$G4,IF('组合输入'!$F4<=1,'组合输入'!$D4*(1+'组合输入'!$E4),'组合输入'!$D4*'组合输入'!$E4+IF('参数'!$B$5+INDEX('利差假设'!$B$2:$B$9,MATCH(K$1,'利差假设'!$A$2:$A$9,0))=0,'组合输入'!$D4+'组合输入'!$D4*'组合输入'!$E4*('组合输入'!$F4-1),'组合输入'!$D4*'组合输入'!$E4*(1-(1+'参数'!$B$5+INDEX('利差假设'!$B$2:$B$9,MATCH(K$1,'利差假设'!$A$2:$A$9,0)))^-('组合输入'!$F4-1))/('参数'!$B$5+INDEX('利差假设'!$B$2:$B$9,MATCH(K$1,'利差假设'!$A$2:$A$9,0)))+'组合输入'!$D4*(1+'参数'!$B$5+INDEX('利差假设'!$B$2:$B$9,MATCH(K$1,'利差假设'!$A$2:$A$9,0)))^-('组合输入'!$F4-1))))) | L4: =IF($C4="","",SUMPRODUCT(INDEX('评级迁移'!$B$2:$I$9,MATCH($C4,'评级迁移'!$A$2:$A$9,0),0),$D4:$K4)) | M4: =IF($C4="","",SQRT(SUMPRODUCT(INDEX('评级迁移'!$B$2:$I$9,MATCH($C4,'评级迁移'!$A$2:$A$9,0),0),($D4:$K4-$L4)*($D4:$K4-$L4)))) | N4: =IF($C4="","",'组合输入'!$J4-$L4) | O4: =IF($C4="","",'组合输入'!$J4-MIN($D4:$K4))
A5: ='组合输入'!A5 | B5: ='组合输入'!B5 | C5: ='组合输入'!C5 | D5: =IF($C5="","",IF(D$1="D",'组合输入'!$D5*'组合输入'!$G5,IF('组合输入'!$F5<=1,'组合输入'!$D5*(1+'组合输入'!$E5),'组合输入'!$D5*'组合输入'!$E5+IF('参数'!$B$5+INDEX('利差假设'!$B$2:$B$9,MATCH(D$1,'利差假设'!$A$2:$A$9,0))=0,'组合输入'!$D5+'组合输入'!$D5*'组合输入'!$E5*('组合输入'!$F5-1),'组合输入'!$D5*'组合输入'!$E5*(1-(1+'参数'!$B$5+INDEX('利差假设'!$B$2:$B$9,MATCH(D$1,'利差假设'!$A$2:$A$9,0)))^-('组合输入'!$F5-1))/('参数'!$B$5+INDEX('利差假设'!$B$2:$B$9,MATCH(D$1,'利差假设'!$A$2:$A$9,0)))+'组合输入'!$D5*(1+'参数'!$B$5+INDEX('利差假设'!$B$2:$B$9,MATCH(D$1,'利差假设'!$A$2:$A$9,0)))^-('组合输入'!$F5-1))))) | E5: =IF($C5="","",IF(E$1="D",'组合输入'!$D5*'组合输入'!$G5,IF('组合输入'!$F5<=1,'组合输入'!$D5*(1+'组合输入'!$E5),'组合输入'!$D5*'组合输入'!$E5+IF('参数'!$B$5+INDEX('利差假设'!$B$2:$B$9,MATCH(E$1,'利差假设'!$A$2:$A$9,0))=0,'组合输入'!$D5+'组合输入'!$D5*'组合输入'!$E5*('组合输入'!$F5-1),'组合输入'!$D5*'组合输入'!$E5*(1-(1+'参数'!$B$5+INDEX('利差假设'!$B$2:$B$9,MATCH(E$1,'利差假设'!$A$2:$A$9,0)))^-('组合输入'!$F5-1))/('参数'!$B$5+INDEX('利差假设'!$B$2:$B$9,MATCH(E$1,'利差假设'!$A$2:$A$9,0)))+'组合输入'!$D5*(1+'参数'!$B$5+INDEX('利差假设'!$B$2:$B$9,MATCH(E$1,'利差假设'!$A$2:$A$9,0)))^-('组合输入'!$F5-1))))) | F5: =IF($C5="","",IF(F$1="D",'组合输入'!$D5*'组合输入'!$G5,IF('组合输入'!$F5<=1,'组合输入'!$D5*(1+'组合输入'!$E5),'组合输入'!$D5*'组合输入'!$E5+IF('参数'!$B$5+INDEX('利差假设'!$B$2:$B$9,MATCH(F$1,'利差假设'!$A$2:$A$9,0))=0,'组合输入'!$D5+'组合输入'!$D5*'组合输入'!$E5*('组合输入'!$F5-1),'组合输入'!$D5*'组合输入'!$E5*(1-(1+'参数'!$B$5+INDEX('利差假设'!$B$2:$B$9,MATCH(F$1,'利差假设'!$A$2:$A$9,0)))^-('组合输入'!$F5-1))/('参数'!$B$5+INDEX('利差假设'!$B$2:$B$9,MATCH(F$1,'利差假设'!$A$2:$A$9,0)))+'组合输入'!$D5*(1+'参数'!$B$5+INDEX('利差假设'!$B$2:$B$9,MATCH(F$1,'利差假设'!$A$2:$A$9,0)))^-('组合输入'!$F5-1))))) | G5: =IF($C5="","",IF(G$1="D",'组合输入'!$D5*'组合输入'!$G5,IF('组合输入'!$F5<=1,'组合输入'!$D5*(1+'组合输入'!$E5),'组合输入'!$D5*'组合输入'!$E5+IF('参数'!$B$5+INDEX('利差假设'!$B$2:$B$9,MATCH(G$1,'利差假设'!$A$2:$A$9,0))=0,'组合输入'!$D5+'组合输入'!$D5*'组合输入'!$E5*('组合输入'!$F5-1),'组合输入'!$D5*'组合输入'!$E5*(1-(1+'参数'!$B$5+INDEX('利差假设'!$B$2:$B$9,MATCH(G$1,'利差假设'!$A$2:$A$9,0)))^-('组合输入'!$F5-1))/('参数'!$B$5+INDEX('利差假设'!$B$2:$B$9,MATCH(G$1,'利差假设'!$A$2:$A$9,0)))+'组合输入'!$D5*(1+'参数'!$B$5+INDEX('利差假设'!$B$2:$B$9,MATCH(G$1,'利差假设'!$A$2:$A$9,0)))^-('组合输入'!$F5-1))))) | H5: =IF($C5="","",IF(H$1="D",'组合输入'!$D5*'组合输入'!$G5,IF('组合输入'!$F5<=1,'组合输入'!$D5*(1+'组合输入'!$E5),'组合输入'!$D5*'组合输入'!$E5+IF('参数'!$B$5+INDEX('利差假设'!$B$2:$B$9,MATCH(H$1,'利差假设'!$A$2:$A$9,0))=0,'组合输入'!$D5+'组合输入'!$D5*'组合输入'!$E5*('组合输入'!$F5-1),'组合输入'!$D5*'组合输入'!$E5*(1-(1+'参数'!$B$5+INDEX('利差假设'!$B$2:$B$9,MATCH(H$1,'利差假设'!$A$2:$A$9,0)))^-('组合输入'!$F5-1))/('参数'!$B$5+INDEX('利差假设'!$B$2:$B$9,MATCH(H$1,'利差假设'!$A$2:$A$9,0)))+'组合输入'!$D5*(1+'参数'!$B$5+INDEX('利差假设'!$B$2:$B$9,MATCH(H$1,'利差假设'!$A$2:$A$9,0)))^-('组合输入'!$F5-1))))) | I5: =IF($C5="","",IF(I$1="D",'组合输入'!$D5*'组合输入'!$G5,IF('组合输入'!$F5<=1,'组合输入'!$D5*(1+'组合输入'!$E5),'组合输入'!$D5*'组合输入'!$E5+IF('参数'!$B$5+INDEX('利差假设'!$B$2:$B$9,MATCH(I$1,'利差假设'!$A$2:$A$9,0))=0,'组合输入'!$D5+'组合输入'!$D5*'组合输入'!$E5*('组合输入'!$F5-1),'组合输入'!$D5*'组合输入'!$E5*(1-(1+'参数'!$B$5+INDEX('利差假设'!$B$2:$B$9,MATCH(I$1,'利差假设'!$A$2:$A$9,0)))^-('组合输入'!$F5-1))/('参数'!$B$5+INDEX('利差假设'!$B$2:$B$9,MATCH(I$1,'利差假设'!$A$2:$A$9,0)))+'组合输入'!$D5*(1+'参数'!$B$5+INDEX('利差假设'!$B$2:$B$9,MATCH(I$1,'利差假设'!$A$2:$A$9,0)))^-('组合输入'!$F5-1))))) | J5: =IF($C5="","",IF(J$1="D",'组合输入'!$D5*'组合输入'!$G5,IF('组合输入'!$F5<=1,'组合输入'!$D5*(1+'组合输入'!$E5),'组合输入'!$D5*'组合输入'!$E5+IF('参数'!$B$5+INDEX('利差假设'!$B$2:$B$9,MATCH(J$1,'利差假设'!$A$2:$A$9,0))=0,'组合输入'!$D5+'组合输入'!$D5*'组合输入'!$E5*('组合输入'!$F5-1),'组合输入'!$D5*'组合输入'!$E5*(1-(1+'参数'!$B$5+INDEX('利差假设'!$B$2:$B$9,MATCH(J$1,'利差假设'!$A$2:$A$9,0)))^-('组合输入'!$F5-1))/('参数'!$B$5+INDEX('利差假设'!$B$2:$B$9,MATCH(J$1,'利差假设'!$A$2:$A$9,0)))+'组合输入'!$D5*(1+'参数'!$B$5+INDEX('利差假设'!$B$2:$B$9,MATCH(J$1,'利差假设'!$A$2:$A$9,0)))^-('组合输入'!$F5-1))))) | K5: =IF($C5="","",IF(K$1="D",'组合输入'!$D5*'组合输入'!$G5,IF('组合输入'!$F5<=1,'组合输入'!$D5*(1+'组合输入'!$E5),'组合输入'!$D5*'组合输入'!$E5+IF('参数'!$B$5+INDEX('利差假设'!$B$2:$B$9,MATCH(K$1,'利差假设'!$A$2:$A$9,0))=0,'组合输入'!$D5+'组合输入'!$D5*'组合输入'!$E5*('组合输入'!$F5-1),'组合输入'!$D5*'组合输入'!$E5*(1-(1+'参数'!$B$5+INDEX('利差假设'!$B$2:$B$9,MATCH(K$1,'利差假设'!$A$2:$A$9,0)))^-('组合输入'!$F5-1))/('参数'!$B$5+INDEX('利差假设'!$B$2:$B$9,MATCH(K$1,'利差假设'!$A$2:$A$9,0)))+'组合输入'!$D5*(1+'参数'!$B$5+INDEX('利差假设'!$B$2:$B$9,MATCH(K$1,'利差假设'!$A$2:$A$9,0)))^-('组合输入'!$F5-1))))) | L5: =IF($C5="","",SUMPRODUCT(INDEX('评级迁移'!$B$2:$I$9,MATCH($C5,'评级迁移'!$A$2:$A$9,0),0),$D5:$K5)) | M5: =IF($C5="","",SQRT(SUMPRODUCT(INDEX('评级迁移'!$B$2:$I$9,MATCH($C5,'评级迁移'!$A$2:$A$9,0),0),($D5:$K5-$L5)*($D5:$K5-$L5)))) | N5: =IF($C5="","",'组合输入'!$J5-$L5) | O5: =IF($C5="","",'组合输入'!$J5-MIN($D5:$K5))
A6: ='组合输入'!A6 | B6: ='组合输入'!B6 | C6: ='组合输入'!C6 | D6: =IF($C6="","",IF(D$1="D",'组合输入'!$D6*'组合输入'!$G6,IF('组合输入'!$F6<=1,'组合输入'!$D6*(1+'组合输入'!$E6),'组合输入'!$D6*'组合输入'!$E6+IF('参数'!$B$5+INDEX('利差假设'!$B$2:$B$9,MATCH(D$1,'利差假设'!$A$2:$A$9,0))=0,'组合输入'!$D6+'组合输入'!$D6*'组合输入'!$E6*('组合输入'!$F6-1),'组合输入'!$D6*'组合输入'!$E6*(1-(1+'参数'!$B$5+INDEX('利差假设'!$B$2:$B$9,MATCH(D$1,'利差假设'!$A$2:$A$9,0)))^-('组合输入'!$F6-1))/('参数'!$B$5+INDEX('利差假设'!$B$2:$B$9,MATCH(D$1,'利差假设'!$A$2:$A$9,0)))+'组合输入'!$D6*(1+'参数'!$B$5+INDEX('利差假设'!$B$2:$B$9,MATCH(D$1,'利差假设'!$A$2:$A$9,0)))^-('组合输入'!$F6-1))))) | E6: =IF($C6="","",IF(E$1="D",'组合输入'!$D6*'组合输入'!$G6,IF('组合输入'!$F6<=1,'组合输入'!$D6*(1+'组合输入'!$E6),'组合输入'!$D6*'组合输入'!$E6+IF('参数'!$B$5+INDEX('利差假设'!$B$2:$B$9,MATCH(E$1,'利差假设'!$A$2:$A$9,0))=0,'组合输入'!$D6+'组合输入'!$D6*'组合输入'!$E6*('组合输入'!$F6-1),'组合输入'!$D6*'组合输入'!$E6*(1-(1+'参数'!$B$5+INDEX('利差假设'!$B$2:$B$9,MATCH(E$1,'利差假设'!$A$2:$A$9,0)))^-('组合输入'!$F6-1))/('参数'!$B$5+INDEX('利差假设'!$B$2:$B$9,MATCH(E$1,'利差假设'!$A$2:$A$9,0)))+'组合输入'!$D6*(1+'参数'!$B$5+INDEX('利差假设'!$B$2:$B$9,MATCH(E$1,'利差假设'!$A$2:$A$9,0)))^-('组合输入'!$F6-1))))) | F6: =IF($C6="","",IF(F$1="D",'组合输入'!$D6*'组合输入'!$G6,IF('组合输入'!$F6<=1,'组合输入'!$D6*(1+'组合输入'!$E6),'组合输入'!$D6*'组合输入'!$E6+IF('参数'!$B$5+INDEX('利差假设'!$B$2:$B$9,MATCH(F$1,'利差假设'!$A$2:$A$9,0))=0,'组合输入'!$D6+'组合输入'!$D6*'组合输入'!$E6*('组合输入'!$F6-1),'组合输入'!$D6*'组合输入'!$E6*(1-(1+'参数'!$B$5+INDEX('利差假设'!$B$2:$B$9,MATCH(F$1,'利差假设'!$A$2:$A$9,0)))^-('组合输入'!$F6-1))/('参数'!$B$5+INDEX('利差假设'!$B$2:$B$9,MATCH(F$1,'利差假设'!$A$2:$A$9,0)))+'组合输入'!$D6*(1+'参数'!$B$5+INDEX('利差假设'!$B$2:$B$9,MATCH(F$1,'利差假设'!$A$2:$A$9,0)))^-('组合输入'!$F6-1))))) | G6: =IF($C6="","",IF(G$1="D",'组合输入'!$D6*'组合输入'!$G6,IF('组合输入'!$F6<=1,'组合输入'!$D6*(1+'组合输入'!$E6),'组合输入'!$D6*'组合输入'!$E6+IF('参数'!$B$5+INDEX('利差假设'!$B$2:$B$9,MATCH(G$1,'利差假设'!$A$2:$A$9,0))=0,'组合输入'!$D6+'组合输入'!$D6*'组合输入'!$E6*('组合输入'!$F6-1),'组合输入'!$D6*'组合输入'!$E6*(1-(1+'参数'!$B$5+INDEX('利差假设'!$B$2:$B$9,MATCH(G$1,'利差假设'!$A$2:$A$9,0)))^-('组合输入'!$F6-1))/('参数'!$B$5+INDEX('利差假设'!$B$2:$B$9,MATCH(G$1,'利差假设'!$A$2:$A$9,0)))+'组合输入'!$D6*(1+'参数'!$B$5+INDEX('利差假设'!$B$2:$B$9,MATCH(G$1,'利差假设'!$A$2:$A$9,0)))^-('组合输入'!$F6-1))))) | H6: =IF($C6="","",IF(H$1="D",'组合输入'!$D6*'组合输入'!$G6,IF('组合输入'!$F6<=1,'组合输入'!$D6*(1+'组合输入'!$E6),'组合输入'!$D6*'组合输入'!$E6+IF('参数'!$B$5+INDEX('利差假设'!$B$2:$B$9,MATCH(H$1,'利差假设'!$A$2:$A$9,0))=0,'组合输入'!$D6+'组合输入'!$D6*'组合输入'!$E6*('组合输入'!$F6-1),'组合输入'!$D6*'组合输入'!$E6*(1-(1+'参数'!$B$5+INDEX('利差假设'!$B$2:$B$9,MATCH(H$1,'利差假设'!$A$2:$A$9,0)))^-('组合输入'!$F6-1))/('参数'!$B$5+INDEX('利差假设'!$B$2:$B$9,MATCH(H$1,'利差假设'!$A$2:$A$9,0)))+'组合输入'!$D6*(1+'参数'!$B$5+INDEX('利差假设'!$B$2:$B$9,MATCH(H$1,'利差假设'!$A$2:$A$9,0)))^-('组合输入'!$F6-1))))) | I6: =IF($C6="","",IF(I$1="D",'组合输入'!$D6*'组合输入'!$G6,IF('组合输入'!$F6<=1,'组合输入'!$D6*(1+'组合输入'!$E6),'组合输入'!$D6*'组合输入'!$E6+IF('参数'!$B$5+INDEX('利差假设'!$B$2:$B$9,MATCH(I$1,'利差假设'!$A$2:$A$9,0))=0,'组合输入'!$D6+'组合输入'!$D6*'组合输入'!$E6*('组合输入'!$F6-1),'组合输入'!$D6*'组合输入'!$E6*(1-(1+'参数'!$B$5+INDEX('利差假设'!$B$2:$B$9,MATCH(I$1,'利差假设'!$A$2:$A$9,0)))^-('组合输入'!$F6-1))/('参数'!$B$5+INDEX('利差假设'!$B$2:$B$9,MATCH(I$1,'利差假设'!$A$2:$A$9,0)))+'组合输入'!$D6*(1+'参数'!$B$5+INDEX('利差假设'!$B$2:$B$9,MATCH(I$1,'利差假设'!$A$2:$A$9,0)))^-('组合输入'!$F6-1))))) | J6: =IF($C6="","",IF(J$1="D",'组合输入'!$D6*'组合输入'!$G6,IF('组合输入'!$F6<=1,'组合输入'!$D6*(1+'组合输入'!$E6),'组合输入'!$D6*'组合输入'!$E6+IF('参数'!$B$5+INDEX('利差假设'!$B$2:$B$9,MATCH(J$1,'利差假设'!$A$2:$A$9,0))=0,'组合输入'!$D6+'组合输入'!$D6*'组合输入'!$E6*('组合输入'!$F6-1),'组合输入'!$D6*'组合输入'!$E6*(1-(1+'参数'!$B$5+INDEX('利差假设'!$B$2:$B$9,MATCH(J$1,'利差假设'!$A$2:$A$9,0)))^-('组合输入'!$F6-1))/('参数'!$B$5+INDEX('利差假设'!$B$2:$B$9,MATCH(J$1,'利差假设'!$A$2:$A$9,0)))+'组合输入'!$D6*(1+'参数'!$B$5+INDEX('利差假设'!$B$2:$B$9,MATCH(J$1,'利差假设'!$A$2:$A$9,0)))^-('组合输入'!$F6-1))))) | K6: =IF($C6="","",IF(K$1="D",'组合输入'!$D6*'组合输入'!$G6,IF('组合输入'!$F6<=1,'组合输入'!$D6*(1+'组合输入'!$E6),'组合输入'!$D6*'组合输入'!$E6+IF('参数'!$B$5+INDEX('利差假设'!$B$2:$B$9,MATCH(K$1,'利差假设'!$A$2:$A$9,0))=0,'组合输入'!$D6+'组合输入'!$D6*'组合输入'!$E6*('组合输入'!$F6-1),'组合输入'!$D6*'组合输入'!$E6*(1-(1+'参数'!$B$5+INDEX('利差假设'!$B$2:$B$9,MATCH(K$1,'利差假设'!$A$2:$A$9,0)))^-('组合输入'!$F6-1))/('参数'!$B$5+INDEX('利差假设'!$B$2:$B$9,MATCH(K$1,'利差假设'!$A$2:$A$9,0)))+'组合输入'!$D6*(1+'参数'!$B$5+INDEX('利差假设'!$B$2:$B$9,MATCH(K$1,'利差假设'!$A$2:$A$9,0)))^-('组合输入'!$F6-1))))) | L6: =IF($C6="","",SUMPRODUCT(INDEX('评级迁移'!$B$2:$I$9,MATCH($C6,'评级迁移'!$A$2:$A$9,0),0),$D6:$K6)) | M6: =IF($C6="","",SQRT(SUMPRODUCT(INDEX('评级迁移'!$B$2:$I$9,MATCH($C6,'评级迁移'!$A$2:$A$9,0),0),($D6:$K6-$L6)*($D6:$K6-$L6)))) | N6: =IF($C6="","",'组合输入'!$J6-$L6) | O6: =IF($C6="","",'组合输入'!$J6-MIN($D6:$K6))
A7: ='组合输入'!A7 | B7: ='组合输入'!B7 | C7: ='组合输入'!C7 | D7: =IF($C7="","",IF(D$1="D",'组合输入'!$D7*'组合输入'!$G7,IF('组合输入'!$F7<=1,'组合输入'!$D7*(1+'组合输入'!$E7),'组合输入'!$D7*'组合输入'!$E7+IF('参数'!$B$5+INDEX('利差假设'!$B$2:$B$9,MATCH(D$1,'利差假设'!$A$2:$A$9,0))=0,'组合输入'!$D7+'组合输入'!$D7*'组合输入'!$E7*('组合输入'!$F7-1),'组合输入'!$D7*'组合输入'!$E7*(1-(1+'参数'!$B$5+INDEX('利差假设'!$B$2:$B$9,MATCH(D$1,'利差假设'!$A$2:$A$9,0)))^-('组合输入'!$F7-1))/('参数'!$B$5+INDEX('利差假设'!$B$2:$B$9,MATCH(D$1,'利差假设'!$A$2:$A$9,0)))+'组合输入'!$D7*(1+'参数'!$B$5+INDEX('利差假设'!$B$2:$B$9,MATCH(D$1,'利差假设'!$A$2:$A$9,0)))^-('组合输入'!$F7-1))))) | E7: =IF($C7="","",IF(E$1="D",'组合输入'!$D7*'组合输入'!$G7,IF('组合输入'!$F7<=1,'组合输入'!$D7*(1+'组合输入'!$E7),'组合输入'!$D7*'组合输入'!$E7+IF('参数'!$B$5+INDEX('利差假设'!$B$2:$B$9,MATCH(E$1,'利差假设'!$A$2:$A$9,0))=0,'组合输入'!$D7+'组合输入'!$D7*'组合输入'!$E7*('组合输入'!$F7-1),'组合输入'!$D7*'组合输入'!$E7*(1-(1+'参数'!$B$5+INDEX('利差假设'!$B$2:$B$9,MATCH(E$1,'利差假设'!$A$2:$A$9,0)))^-('组合输入'!$F7-1))/('参数'!$B$5+INDEX('利差假设'!$B$2:$B$9,MATCH(E$1,'利差假设'!$A$2:$A$9,0)))+'组合输入'!$D7*(1+'参数'!$B$5+INDEX('利差假设'!$B$2:$B$9,MATCH(E$1,'利差假设'!$A$2:$A$9,0)))^-('组合输入'!$F7-1))))) | F7: =IF($C7="","",IF(F$1="D",'组合输入'!$D7*'组合输入'!$G7,IF('组合输入'!$F7<=1,'组合输入'!$D7*(1+'组合输入'!$E7),'组合输入'!$D7*'组合输入'!$E7+IF('参数'!$B$5+INDEX('利差假设'!$B$2:$B$9,MATCH(F$1,'利差假设'!$A$2:$A$9,0))=0,'组合输入'!$D7+'组合输入'!$D7*'组合输入'!$E7*('组合输入'!$F7-1),'组合输入'!$D7*'组合输入'!$E7*(1-(1+'参数'!$B$5+INDEX('利差假设'!$B$2:$B$9,MATCH(F$1,'利差假设'!$A$2:$A$9,0)))^-('组合输入'!$F7-1))/('参数'!$B$5+INDEX('利差假设'!$B$2:$B$9,MATCH(F$1,'利差假设'!$A$2:$A$9,0)))+'组合输入'!$D7*(1+'参数'!$B$5+INDEX('利差假设'!$B$2:$B$9,MATCH(F$1,'利差假设'!$A$2:$A$9,0)))^-('组合输入'!$F7-1))))) | G7: =IF($C7="","",IF(G$1="D",'组合输入'!$D7*'组合输入'!$G7,IF('组合输入'!$F7<=1,'组合输入'!$D7*(1+'组合输入'!$E7),'组合输入'!$D7*'组合输入'!$E7+IF('参数'!$B$5+INDEX('利差假设'!$B$2:$B$9,MATCH(G$1,'利差假设'!$A$2:$A$9,0))=0,'组合输入'!$D7+'组合输入'!$D7*'组合输入'!$E7*('组合输入'!$F7-1),'组合输入'!$D7*'组合输入'!$E7*(1-(1+'参数'!$B$5+INDEX('利差假设'!$B$2:$B$9,MATCH(G$1,'利差假设'!$A$2:$A$9,0)))^-('组合输入'!$F7-1))/('参数'!$B$5+INDEX('利差假设'!$B$2:$B$9,MATCH(G$1,'利差假设'!$A$2:$A$9,0)))+'组合输入'!$D7*(1+'参数'!$B$5+INDEX('利差假设'!$B$2:$B$9,MATCH(G$1,'利差假设'!$A$2:$A$9,0)))^-('组合输入'!$F7-1))))) | H7: =IF($C7="","",IF(H$1="D",'组合输入'!$D7*'组合输入'!$G7,IF('组合输入'!$F7<=1,'组合输入'!$D7*(1+'组合输入'!$E7),'组合输入'!$D7*'组合输入'!$E7+IF('参数'!$B$5+INDEX('利差假设'!$B$2:$B$9,MATCH(H$1,'利差假设'!$A$2:$A$9,0))=0,'组合输入'!$D7+'组合输入'!$D7*'组合输入'!$E7*('组合输入'!$F7-1),'组合输入'!$D7*'组合输入'!$E7*(1-(1+'参数'!$B$5+INDEX('利差假设'!$B$2:$B$9,MATCH(H$1,'利差假设'!$A$2:$A$9,0)))^-('组合输入'!$F7-1))/('参数'!$B$5+INDEX('利差假设'!$B$2:$B$9,MATCH(H$1,'利差假设'!$A$2:$A$9,0)))+'组合输入'!$D7*(1+'参数'!$B$5+INDEX('利差假设'!$B$2:$B$9,MATCH(H$1,'利差假设'!$A$2:$A$9,0)))^-('组合输入'!$F7-1))))) | I7: =IF($C7="","",IF(I$1="D",'组合输入'!$D7*'组合输入'!$G7,IF('组合输入'!$F7<=1,'组合输入'!$D7*(1+'组合输入'!$E7),'组合输入'!$D7*'组合输入'!$E7+IF('参数'!$B$5+INDEX('利差假设'!$B$2:$B$9,MATCH(I$1,'利差假设'!$A$2:$A$9,0))=0,'组合输入'!$D7+'组合输入'!$D7*'组合输入'!$E7*('组合输入'!$F7-1),'组合输入'!$D7*'组合输入'!$E7*(1-(1+'参数'!$B$5+INDEX('利差假设'!$B$2:$B$9,MATCH(I$1,'利差假设'!$A$2:$A$9,0)))^-('组合输入'!$F7-1))/('参数'!$B$5+INDEX('利差假设'!$B$2:$B$9,MATCH(I$1,'利差假设'!$A$2:$A$9,0)))+'组合输入'!$D7*(1+'参数'!$B$5+INDEX('利差假设'!$B$2:$B$9,MATCH(I$1,'利差假设'!$A$2:$A$9,0)))^-('组合输入'!$F7-1))))) | J7: =IF($C7="","",IF(J$1="D",'组合输入'!$D7*'组合输入'!$G7,IF('组合输入'!$F7<=1,'组合输入'!$D7*(1+'组合输入'!$E7),'组合输入'!$D7*'组合输入'!$E7+IF('参数'!$B$5+INDEX('利差假设'!$B$2:$B$9,MATCH(J$1,'利差假设'!$A$2:$A$9,0))=0,'组合输入'!$D7+'组合输入'!$D7*'组合输入'!$E7*('组合输入'!$F7-1),'组合输入'!$D7*'组合输入'!$E7*(1-(1+'参数'!$B$5+INDEX('利差假设'!$B$2:$B$9,MATCH(J$1,'利差假设'!$A$2:$A$9,0)))^-('组合输入'!$F7-1))/('参数'!$B$5+INDEX('利差假设'!$B$2:$B$9,MATCH(J$1,'利差假设'!$A$2:$A$9,0)))+'组合输入'!$D7*(1+'参数'!$B$5+INDEX('利差假设'!$B$2:$B$9,MATCH(J$1,'利差假设'!$A$2:$A$9,0)))^-('组合输入'!$F7-1))))) | K7: =IF($C7="","",IF(K$1="D",'组合输入'!$D7*'组合输入'!$G7,IF('组合输入'!$F7<=1,'组合输入'!$D7*(1+'组合输入'!$E7),'组合输入'!$D7*'组合输入'!$E7+IF('参数'!$B$5+INDEX('利差假设'!$B$2:$B$9,MATCH(K$1,'利差假设'!$A$2:$A$9,0))=0,'组合输入'!$D7+'组合输入'!$D7*'组合输入'!$E7*('组合输入'!$F7-1),'组合输入'!$D7*'组合输入'!$E7*(1-(1+'参数'!$B$5+INDEX('利差假设'!$B$2:$B$9,MATCH(K$1,'利差假设'!$A$2:$A$9,0)))^-('组合输入'!$F7-1))/('参数'!$B$5+INDEX('利差假设'!$B$2:$B$9,MATCH(K$1,'利差假设'!$A$2:$A$9,0)))+'组合输入'!$D7*(1+'参数'!$B$5+INDEX('利差假设'!$B$2:$B$9,MATCH(K$1,'利差假设'!$A$2:$A$9,0)))^-('组合输入'!$F7-1))))) | L7: =IF($C7="","",SUMPRODUCT(INDEX('评级迁移'!$B$2:$I$9,MATCH($C7,'评级迁移'!$A$2:$A$9,0),0),$D7:$K7)) | M7: =IF($C7="","",SQRT(SUMPRODUCT(INDEX('评级迁移'!$B$2:$I$9,MATCH($C7,'评级迁移'!$A$2:$A$9,0),0),($D7:$K7-$L7)*($D7:$K7-$L7)))) | N7: =IF($C7="","",'组合输入'!$J7-$L7) | O7: =IF($C7="","",'组合输入'!$J7-MIN($D7:$K7))
A8: ='组合输入'!A8 | B8: ='组合输入'!B8 | C8: ='组合输入'!C8 | D8: =IF($C8="","",IF(D$1="D",'组合输入'!$D8*'组合输入'!$G8,IF('组合输入'!$F8<=1,'组合输入'!$D8*(1+'组合输入'!$E8),'组合输入'!$D8*'组合输入'!$E8+IF('参数'!$B$5+INDEX('利差假设'!$B$2:$B$9,MATCH(D$1,'利差假设'!$A$2:$A$9,0))=0,'组合输入'!$D8+'组合输入'!$D8*'组合输入'!$E8*('组合输入'!$F8-1),'组合输入'!$D8*'组合输入'!$E8*(1-(1+'参数'!$B$5+INDEX('利差假设'!$B$2:$B$9,MATCH(D$1,'利差假设'!$A$2:$A$9,0)))^-('组合输入'!$F8-1))/('参数'!$B$5+INDEX('利差假设'!$B$2:$B$9,MATCH(D$1,'利差假设'!$A$2:$A$9,0)))+'组合输入'!$D8*(1+'参数'!$B$5+INDEX('利差假设'!$B$2:$B$9,MATCH(D$1,'利差假设'!$A$2:$A$9,0)))^-('组合输入'!$F8-1))))) | E8: =IF($C8="","",IF(E$1="D",'组合输入'!$D8*'组合输入'!$G8,IF('组合输入'!$F8<=1,'组合输入'!$D8*(1+'组合输入'!$E8),'组合输入'!$D8*'组合输入'!$E8+IF('参数'!$B$5+INDEX('利差假设'!$B$2:$B$9,MATCH(E$1,'利差假设'!$A$2:$A$9,0))=0,'组合输入'!$D8+'组合输入'!$D8*'组合输入'!$E8*('组合输入'!$F8-1),'组合输入'!$D8*'组合输入'!$E8*(1-(1+'参数'!$B$5+INDEX('利差假设'!$B$2:$B$9,MATCH(E$1,'利差假设'!$A$2:$A$9,0)))^-('组合输入'!$F8-1))/('参数'!$B$5+INDEX('利差假设'!$B$2:$B$9,MATCH(E$1,'利差假设'!$A$2:$A$9,0)))+'组合输入'!$D8*(1+'参数'!$B$5+INDEX('利差假设'!$B$2:$B$9,MATCH(E$1,'利差假设'!$A$2:$A$9,0)))^-('组合输入'!$F8-1))))) | F8: =IF($C8="","",IF(F$1="D",'组合输入'!$D8*'组合输入'!$G8,IF('组合输入'!$F8<=1,'组合输入'!$D8*(1+'组合输入'!$E8),'组合输入'!$D8*'组合输入'!$E8+IF('参数'!$B$5+INDEX('利差假设'!$B$2:$B$9,MATCH(F$1,'利差假设'!$A$2:$A$9,0))=0,'组合输入'!$D8+'组合输入'!$D8*'组合输入'!$E8*('组合输入'!$F8-1),'组合输入'!$D8*'组合输入'!$E8*(1-(1+'参数'!$B$5+INDEX('利差假设'!$B$2:$B$9,MATCH(F$1,'利差假设'!$A$2:$A$9,0)))^-('组合输入'!$F8-1))/('参数'!$B$5+INDEX('利差假设'!$B$2:$B$9,MATCH(F$1,'利差假设'!$A$2:$A$9,0)))+'组合输入'!$D8*(1+'参数'!$B$5+INDEX('利差假设'!$B$2:$B$9,MATCH(F$1,'利差假设'!$A$2:$A$9,0)))^-('组合输入'!$F8-1))))) | G8: =IF($C8="","",IF(G$1="D",'组合输入'!$D8*'组合输入'!$G8,IF('组合输入'!$F8<=1,'组合输入'!$D8*(1+'组合输入'!$E8),'组合输入'!$D8*'组合输入'!$E8+IF('参数'!$B$5+INDEX('利差假设'!$B$2:$B$9,MATCH(G$1,'利差假设'!$A$2:$A$9,0))=0,'组合输入'!$D8+'组合输入'!$D8*'组合输入'!$E8*('组合输入'!$F8-1),'组合输入'!$D8*'组合输入'!$E8*(1-(1+'参数'!$B$5+INDEX('利差假设'!$B$2:$B$9,MATCH(G$1,'利差假设'!$A$2:$A$9,0)))^-('组合输入'!$F8-1))/('参数'!$B$5+INDEX('利差假设'!$B$2:$B$9,MATCH(G$1,'利差假设'!$A$2:$A$9,0)))+'组合输入'!$D8*(1+'参数'!$B$5+INDEX('利差假设'!$B$2:$B$9,MATCH(G$1,'利差假设'!$A$2:$A$9,0)))^-('组合输入'!$F8-1))))) | H8: =IF($C8="","",IF(H$1="D",'组合输入'!$D8*'组合输入'!$G8,IF('组合输入'!$F8<=1,'组合输入'!$D8*(1+'组合输入'!$E8),'组合输入'!$D8*'组合输入'!$E8+IF('参数'!$B$5+INDEX('利差假设'!$B$2:$B$9,MATCH(H$1,'利差假设'!$A$2:$A$9,0))=0,'组合输入'!$D8+'组合输入'!$D8*'组合输入'!$E8*('组合输入'!$F8-1),'组合输入'!$D8*'组合输入'!$E8*(1-(1+'参数'!$B$5+INDEX('利差假设'!$B$2:$B$9,MATCH(H$1,'利差假设'!$A$2:$A$9,0)))^-('组合输入'!$F8-1))/('参数'!$B$5+INDEX('利差假设'!$B$2:$B$9,MATCH(H$1,'利差假设'!$A$2:$A$9,0)))+'组合输入'!$D8*(1+'参数'!$B$5+INDEX('利差假设'!$B$2:$B$9,MATCH(H$1,'利差假设'!$A$2:$A$9,0)))^-('组合输入'!$F8-1))))) | I8: =IF($C8="","",IF(I$1="D",'组合输入'!$D8*'组合输入'!$G8,IF('组合输入'!$F8<=1,'组合输入'!$D8*(1+'组合输入'!$E8),'组合输入'!$D8*'组合输入'!$E8+IF('参数'!$B$5+INDEX('利差假设'!$B$2:$B$9,MATCH(I$1,'利差假设'!$A$2:$A$9,0))=0,'组合输入'!$D8+'组合输入'!$D8*'组合输入'!$E8*('组合输入'!$F8-1),'组合输入'!$D8*'组合输入'!$E8*(1-(1+'参数'!$B$5+INDEX('利差假设'!$B$2:$B$9,MATCH(I$1,'利差假设'!$A$2:$A$9,0)))^-('组合输入'!$F8-1))/('参数'!$B$5+INDEX('利差假设'!$B$2:$B$9,MATCH(I$1,'利差假设'!$A$2:$A$9,0)))+'组合输入'!$D8*(1+'参数'!$B$5+INDEX('利差假设'!$B$2:$B$9,MATCH(I$1,'利差假设'!$A$2:$A$9,0)))^-('组合输入'!$F8-1))))) | J8: =IF($C8="","",IF(J$1="D",'组合输入'!$D8*'组合输入'!$G8,IF('组合输入'!$F8<=1,'组合输入'!$D8*(1+'组合输入'!$E8),'组合输入'!$D8*'组合输入'!$E8+IF('参数'!$B$5+INDEX('利差假设'!$B$2:$B$9,MATCH(J$1,'利差假设'!$A$2:$A$9,0))=0,'组合输入'!$D8+'组合输入'!$D8*'组合输入'!$E8*('组合输入'!$F8-1),'组合输入'!$D8*'组合输入'!$E8*(1-(1+'参数'!$B$5+INDEX('利差假设'!$B$2:$B$9,MATCH(J$1,'利差假设'!$A$2:$A$9,0)))^-('组合输入'!$F8-1))/('参数'!$B$5+INDEX('利差假设'!$B$2:$B$9,MATCH(J$1,'利差假设'!$A$2:$A$9,0)))+'组合输入'!$D8*(1+'参数'!$B$5+INDEX('利差假设'!$B$2:$B$9,MATCH(J$1,'利差假设'!$A$2:$A$9,0)))^-('组合输入'!$F8-1))))) | K8: =IF($C8="","",IF(K$1="D",'组合输入'!$D8*'组合输入'!$G8,IF('组合输入'!$F8<=1,'组合输入'!$D8*(1+'组合输入'!$E8),'组合输入'!$D8*'组合输入'!$E8+IF('参数'!$B$5+INDEX('利差假设'!$B$2:$B$9,MATCH(K$1,'利差假设'!$A$2:$A$9,0))=0,'组合输入'!$D8+'组合输入'!$D8*'组合输入'!$E8*('组合输入'!$F8-1),'组合输入'!$D8*'组合输入'!$E8*(1-(1+'参数'!$B$5+INDEX('利差假设'!$B$2:$B$9,MATCH(K$1,'利差假设'!$A$2:$A$9,0)))^-('组合输入'!$F8-1))/('参数'!$B$5+INDEX('利差假设'!$B$2:$B$9,MATCH(K$1,'利差假设'!$A$2:$A$9,0)))+'组合输入'!$D8*(1+'参数'!$B$5+INDEX('利差假设'!$B$2:$B$9,MATCH(K$1,'利差假设'!$A$2:$A$9,0)))^-('组合输入'!$F8-1))))) | L8: =IF($C8="","",SUMPRODUCT(INDEX('评级迁移'!$B$2:$I$9,MATCH($C8,'评级迁移'!$A$2:$A$9,0),0),$D8:$K8)) | M8: =IF($C8="","",SQRT(SUMPRODUCT(INDEX('评级迁移'!$B$2:$I$9,MATCH($C8,'评级迁移'!$A$2:$A$9,0),0),($D8:$K8-$L8)*($D8:$K8-$L8)))) | N8: =IF($C8="","",'组合输入'!$J8-$L8) | O8: =IF($C8="","",'组合输入'!$J8-MIN($D8:$K8))
A9: ='组合输入'!A9 | B9: ='组合输入'!B9 | C9: ='组合输入'!C9 | D9: =IF($C9="","",IF(D$1="D",'组合输入'!$D9*'组合输入'!$G9,IF('组合输入'!$F9<=1,'组合输入'!$D9*(1+'组合输入'!$E9),'组合输入'!$D9*'组合输入'!$E9+IF('参数'!$B$5+INDEX('利差假设'!$B$2:$B$9,MATCH(D$1,'利差假设'!$A$2:$A$9,0))=0,'组合输入'!$D9+'组合输入'!$D9*'组合输入'!$E9*('组合输入'!$F9-1),'组合输入'!$D9*'组合输入'!$E9*(1-(1+'参数'!$B$5+INDEX('利差假设'!$B$2:$B$9,MATCH(D$1,'利差假设'!$A$2:$A$9,0)))^-('组合输入'!$F9-1))/('参数'!$B$5+INDEX('利差假设'!$B$2:$B$9,MATCH(D$1,'利差假设'!$A$2:$A$9,0)))+'组合输入'!$D9*(1+'参数'!$B$5+INDEX('利差假设'!$B$2:$B$9,MATCH(D$1,'利差假设'!$A$2:$A$9,0)))^-('组合输入'!$F9-1))))) | E9: =IF($C9="","",IF(E$1="D",'组合输入'!$D9*'组合输入'!$G9,IF('组合输入'!$F9<=1,'组合输入'!$D9*(1+'组合输入'!$E9),'组合输入'!$D9*'组合输入'!$E9+IF('参数'!$B$5+INDEX('利差假设'!$B$2:$B$9,MATCH(E$1,'利差假设'!$A$2:$A$9,0))=0,'组合输入'!$D9+'组合输入'!$D9*'组合输入'!$E9*('组合输入'!$F9-1),'组合输入'!$D9*'组合输入'!$E9*(1-(1+'参数'!$B$5+INDEX('利差假设'!$B$2:$B$9,MATCH(E$1,'利差假设'!$A$2:$A$9,0)))^-('组合输入'!$F9-1))/('参数'!$B$5+INDEX('利差假设'!$B$2:$B$9,MATCH(E$1,'利差假设'!$A$2:$A$9,0)))+'组合输入'!$D9*(1+'参数'!$B$5+INDEX('利差假设'!$B$2:$B$9,MATCH(E$1,'利差假设'!$A$2:$A$9,0)))^-('组合输入'!$F9-1))))) | F9: =IF($C9="","",IF(F$1="D",'组合输入'!$D9*'组合输入'!$G9,IF('组合输入'!$F9<=1,'组合输入'!$D9*(1+'组合输入'!$E9),'组合输入'!$D9*'组合输入'!$E9+IF('参数'!$B$5+INDEX('利差假设'!$B$2:$B$9,MATCH(F$1,'利差假设'!$A$2:$A$9,0))=0,'组合输入'!$D9+'组合输入'!$D9*'组合输入'!$E9*('组合输入'!$F9-1),'组合输入'!$D9*'组合输入'!$E9*(1-(1+'参数'!$B$5+INDEX('利差假设'!$B$2:$B$9,MATCH(F$1,'利差假设'!$A$2:$A$9,0)))^-('组合输入'!$F9-1))/('参数'!$B$5+INDEX('利差假设'!$B$2:$B$9,MATCH(F$1,'利差假设'!$A$2:$A$9,0)))+'组合输入'!$D9*(1+'参数'!$B$5+INDEX('利差假设'!$B$2:$B$9,MATCH(F$1,'利差假设'!$A$2:$A$9,0)))^-('组合输入'!$F9-1))))) | G9: =IF($C9="","",IF(G$1="D",'组合输入'!$D9*'组合输入'!$G9,IF('组合输入'!$F9<=1,'组合输入'!$D9*(1+'组合输入'!$E9),'组合输入'!$D9*'组合输入'!$E9+IF('参数'!$B$5+INDEX('利差假设'!$B$2:$B$9,MATCH(G$1,'利差假设'!$A$2:$A$9,0))=0,'组合输入'!$D9+'组合输入'!$D9*'组合输入'!$E9*('组合输入'!$F9-1),'组合输入'!$D9*'组合输入'!$E9*(1-(1+'参数'!$B$5+INDEX('利差假设'!$B$2:$B$9,MATCH(G$1,'利差假设'!$A$2:$A$9,0)))^-('组合输入'!$F9-1))/('参数'!$B$5+INDEX('利差假设'!$B$2:$B$9,MATCH(G$1,'利差假设'!$A$2:$A$9,0)))+'组合输入'!$D9*(1+'参数'!$B$5+INDEX('利差假设'!$B$2:$B$9,MATCH(G$1,'利差假设'!$A$2:$A$9,0)))^-('组合输入'!$F9-1))))) | H9: =IF($C9="","",IF(H$1="D",'组合输入'!$D9*'组合输入'!$G9,IF('组合输入'!$F9<=1,'组合输入'!$D9*(1+'组合输入'!$E9),'组合输入'!$D9*'组合输入'!$E9+IF('参数'!$B$5+INDEX('利差假设'!$B$2:$B$9,MATCH(H$1,'利差假设'!$A$2:$A$9,0))=0,'组合输入'!$D9+'组合输入'!$D9*'组合输入'!$E9*('组合输入'!$F9-1),'组合输入'!$D9*'组合输入'!$E9*(1-(1+'参数'!$B$5+INDEX('利差假设'!$B$2:$B$9,MATCH(H$1,'利差假设'!$A$2:$A$9,0)))^-('组合输入'!$F9-1))/('参数'!$B$5+INDEX('利差假设'!$B$2:$B$9,MATCH(H$1,'利差假设'!$A$2:$A$9,0)))+'组合输入'!$D9*(1+'参数'!$B$5+INDEX('利差假设'!$B$2:$B$9,MATCH(H$1,'利差假设'!$A$2:$A$9,0)))^-('组合输入'!$F9-1))))) | I9: =IF($C9="","",IF(I$1="D",'组合输入'!$D9*'组合输入'!$G9,IF('组合输入'!$F9<=1,'组合输入'!$D9*(1+'组合输入'!$E9),'组合输入'!$D9*'组合输入'!$E9+IF('参数'!$B$5+INDEX('利差假设'!$B$2:$B$9,MATCH(I$1,'利差假设'!$A$2:$A$9,0))=0,'组合输入'!$D9+'组合输入'!$D9*'组合输入'!$E9*('组合输入'!$F9-1),'组合输入'!$D9*'组合输入'!$E9*(1-(1+'参数'!$B$5+INDEX('利差假设'!$B$2:$B$9,MATCH(I$1,'利差假设'!$A$2:$A$9,0)))^-('组合输入'!$F9-1))/('参数'!$B$5+INDEX('利差假设'!$B$2:$B$9,MATCH(I$1,'利差假设'!$A$2:$A$9,0)))+'组合输入'!$D9*(1+'参数'!$B$5+INDEX('利差假设'!$B$2:$B$9,MATCH(I$1,'利差假设'!$A$2:$A$9,0)))^-('组合输入'!$F9-1))))) | J9: =IF($C9="","",IF(J$1="D",'组合输入'!$D9*'组合输入'!$G9,IF('组合输入'!$F9<=1,'组合输入'!$D9*(1+'组合输入'!$E9),'组合输入'!$D9*'组合输入'!$E9+IF('参数'!$B$5+INDEX('利差假设'!$B$2:$B$9,MATCH(J$1,'利差假设'!$A$2:$A$9,0))=0,'组合输入'!$D9+'组合输入'!$D9*'组合输入'!$E9*('组合输入'!$F9-1),'组合输入'!$D9*'组合输入'!$E9*(1-(1+'参数'!$B$5+INDEX('利差假设'!$B$2:$B$9,MATCH(J$1,'利差假设'!$A$2:$A$9,0)))^-('组合输入'!$F9-1))/('参数'!$B$5+INDEX('利差假设'!$B$2:$B$9,MATCH(J$1,'利差假设'!$A$2:$A$9,0)))+'组合输入'!$D9*(1+'参数'!$B$5+INDEX('利差假设'!$B$2:$B$9,MATCH(J$1,'利差假设'!$A$2:$A$9,0)))^-('组合输入'!$F9-1))))) | K9: =IF($C9="","",IF(K$1="D",'组合输入'!$D9*'组合输入'!$G9,IF('组合输入'!$F9<=1,'组合输入'!$D9*(1+'组合输入'!$E9),'组合输入'!$D9*'组合输入'!$E9+IF('参数'!$B$5+INDEX('利差假设'!$B$2:$B$9,MATCH(K$1,'利差假设'!$A$2:$A$9,0))=0,'组合输入'!$D9+'组合输入'!$D9*'组合输入'!$E9*('组合输入'!$F9-1),'组合输入'!$D9*'组合输入'!$E9*(1-(1+'参数'!$B$5+INDEX('利差假设'!$B$2:$B$9,MATCH(K$1,'利差假设'!$A$2:$A$9,0)))^-('组合输入'!$F9-1))/('参数'!$B$5+INDEX('利差假设'!$B$2:$B$9,MATCH(K$1,'利差假设'!$A$2:$A$9,0)))+'组合输入'!$D9*(1+'参数'!$B$5+INDEX('利差假设'!$B$2:$B$9,MATCH(K$1,'利差假设'!$A$2:$A$9,0)))^-('组合输入'!$F9-1))))) | L9: =IF($C9="","",SUMPRODUCT(INDEX('评级迁移'!$B$2:$I$9,MATCH($C9,'评级迁移'!$A$2:$A$9,0),0),$D9:$K9)) | M9: =IF($C9="","",SQRT(SUMPRODUCT(INDEX('评级迁移'!$B$2:$I$9,MATCH($C9,'评级迁移'!$A$2:$A$9,0),0),($D9:$K9-$L9)*($D9:$K9-$L9)))) | N9: =IF($C9="","",'组合输入'!$J9-$L9) | O9: =IF($C9="","",'组合输入'!$J9-MIN($D9:$K9))
A10: ='组合输入'!A10 | B10: ='组合输入'!B10 | C10: ='组合输入'!C10 | D10: =IF($C10="","",IF(D$1="D",'组合输入'!$D10*'组合输入'!$G10,IF('组合输入'!$F10<=1,'组合输入'!$D10*(1+'组合输入'!$E10),'组合输入'!$D10*'组合输入'!$E10+IF('参数'!$B$5+INDEX('利差假设'!$B$2:$B$9,MATCH(D$1,'利差假设'!$A$2:$A$9,0))=0,'组合输入'!$D10+'组合输入'!$D10*'组合输入'!$E10*('组合输入'!$F10-1),'组合输入'!$D10*'组合输入'!$E10*(1-(1+'参数'!$B$5+INDEX('利差假设'!$B$2:$B$9,MATCH(D$1,'利差假设'!$A$2:$A$9,0)))^-('组合输入'!$F10-1))/('参数'!$B$5+INDEX('利差假设'!$B$2:$B$9,MATCH(D$1,'利差假设'!$A$2:$A$9,0)))+'组合输入'!$D10*(1+'参数'!$B$5+INDEX('利差假设'!$B$2:$B$9,MATCH(D$1,'利差假设'!$A$2:$A$9,0)))^-('组合输入'!$F10-1))))) | E10: =IF($C10="","",IF(E$1="D",'组合输入'!$D10*'组合输入'!$G10,IF('组合输入'!$F10<=1,'组合输入'!$D10*(1+'组合输入'!$E10),'组合输入'!$D10*'组合输入'!$E10+IF('参数'!$B$5+INDEX('利差假设'!$B$2:$B$9,MATCH(E$1,'利差假设'!$A$2:$A$9,0))=0,'组合输入'!$D10+'组合输入'!$D10*'组合输入'!$E10*('组合输入'!$F10-1),'组合输入'!$D10*'组合输入'!$E10*(1-(1+'参数'!$B$5+INDEX('利差假设'!$B$2:$B$9,MATCH(E$1,'利差假设'!$A$2:$A$9,0)))^-('组合输入'!$F10-1))/('参数'!$B$5+INDEX('利差假设'!$B$2:$B$9,MATCH(E$1,'利差假设'!$A$2:$A$9,0)))+'组合输入'!$D10*(1+'参数'!$B$5+INDEX('利差假设'!$B$2:$B$9,MATCH(E$1,'利差假设'!$A$2:$A$9,0)))^-('组合输入'!$F10-1))))) | F10: =IF($C10="","",IF(F$1="D",'组合输入'!$D10*'组合输入'!$G10,IF('组合输入'!$F10<=1,'组合输入'!$D10*(1+'组合输入'!$E10),'组合输入'!$D10*'组合输入'!$E10+IF('参数'!$B$5+INDEX('利差假设'!$B$2:$B$9,MATCH(F$1,'利差假设'!$A$2:$A$9,0))=0,'组合输入'!$D10+'组合输入'!$D10*'组合输入'!$E10*('组合输入'!$F10-1),'组合输入'!$D10*'组合输入'!$E10*(1-(1+'参数'!$B$5+INDEX('利差假设'!$B$2:$B$9,MATCH(F$1,'利差假设'!$A$2:$A$9,0)))^-('组合输入'!$F10-1))/('参数'!$B$5+INDEX('利差假设'!$B$2:$B$9,MATCH(F$1,'利差假设'!$A$2:$A$9,0)))+'组合输入'!$D10*(1+'参数'!$B$5+INDEX('利差假设'!$B$2:$B$9,MATCH(F$1,'利差假设'!$A$2:$A$9,0)))^-('组合输入'!$F10-1))))) | G10: =IF($C10="","",IF(G$1="D",'组合输入'!$D10*'组合输入'!$G10,IF('组合输入'!$F10<=1,'组合输入'!$D10*(1+'组合输入'!$E10),'组合输入'!$D10*'组合输入'!$E10+IF('参数'!$B$5+INDEX('利差假设'!$B$2:$B$9,MATCH(G$1,'利差假设'!$A$2:$A$9,0))=0,'组合输入'!$D10+'组合输入'!$D10*'组合输入'!$E10*('组合输入'!$F10-1),'组合输入'!$D10*'组合输入'!$E10*(1-(1+'参数'!$B$5+INDEX('利差假设'!$B$2:$B$9,MATCH(G$1,'利差假设'!$A$2:$A$9,0)))^-('组合输入'!$F10-1))/('参数'!$B$5+INDEX('利差假设'!$B$2:$B$9,MATCH(G$1,'利差假设'!$A$2:$A$9,0)))+'组合输入'!$D10*(1+'参数'!$B$5+INDEX('利差假设'!$B$2:$B$9,MATCH(G$1,'利差假设'!$A$2:$A$9,0)))^-('组合输入'!$F10-1))))) | H10: =IF($C10="","",IF(H$1="D",'组合输入'!$D10*'组合输入'!$G10,IF('组合输入'!$F10<=1,'组合输入'!$D10*(1+'组合输入'!$E10),'组合输入'!$D10*'组合输入'!$E10+IF('参数'!$B$5+INDEX('利差假设'!$B$2:$B$9,MATCH(H$1,'利差假设'!$A$2:$A$9,0))=0,'组合输入'!$D10+'组合输入'!$D10*'组合输入'!$E10*('组合输入'!$F10-1),'组合输入'!$D10*'组合输入'!$E10*(1-(1+'参数'!$B$5+INDEX('利差假设'!$B$2:$B$9,MATCH(H$1,'利差假设'!$A$2:$A$9,0)))^-('组合输入'!$F10-1))/('参数'!$B$5+INDEX('利差假设'!$B$2:$B$9,MATCH(H$1,'利差假设'!$A$2:$A$9,0)))+'组合输入'!$D10*(1+'参数'!$B$5+INDEX('利差假设'!$B$2:$B$9,MATCH(H$1,'利差假设'!$A$2:$A$9,0)))^-('组合输入'!$F10-1))))) | I10: =IF($C10="","",IF(I$1="D",'组合输入'!$D10*'组合输入'!$G10,IF('组合输入'!$F10<=1,'组合输入'!$D10*(1+'组合输入'!$E10),'组合输入'!$D10*'组合输入'!$E10+IF('参数'!$B$5+INDEX('利差假设'!$B$2:$B$9,MATCH(I$1,'利差假设'!$A$2:$A$9,0))=0,'组合输入'!$D10+'组合输入'!$D10*'组合输入'!$E10*('组合输入'!$F10-1),'组合输入'!$D10*'组合输入'!$E10*(1-(1+'参数'!$B$5+INDEX('利差假设'!$B$2:$B$9,MATCH(I$1,'利差假设'!$A$2:$A$9,0)))^-('组合输入'!$F10-1))/('参数'!$B$5+INDEX('利差假设'!$B$2:$B$9,MATCH(I$1,'利差假设'!$A$2:$A$9,0)))+'组合输入'!$D10*(1+'参数'!$B$5+INDEX('利差假设'!$B$2:$B$9,MATCH(I$1,'利差假设'!$A$2:$A$9,0)))^-('组合输入'!$F10-1))))) | J10: =IF($C10="","",IF(J$1="D",'组合输入'!$D10*'组合输入'!$G10,IF('组合输入'!$F10<=1,'组合输入'!$D10*(1+'组合输入'!$E10),'组合输入'!$D10*'组合输入'!$E10+IF('参数'!$B$5+INDEX('利差假设'!$B$2:$B$9,MATCH(J$1,'利差假设'!$A$2:$A$9,0))=0,'组合输入'!$D10+'组合输入'!$D10*'组合输入'!$E10*('组合输入'!$F10-1),'组合输入'!$D10*'组合输入'!$E10*(1-(1+'参数'!$B$5+INDEX('利差假设'!$B$2:$B$9,MATCH(J$1,'利差假设'!$A$2:$A$9,0)))^-('组合输入'!$F10-1))/('参数'!$B$5+INDEX('利差假设'!$B$2:$B$9,MATCH(J$1,'利差假设'!$A$2:$A$9,0)))+'组合输入'!$D10*(1+'参数'!$B$5+INDEX('利差假设'!$B$2:$B$9,MATCH(J$1,'利差假设'!$A$2:$A$9,0)))^-('组合输入'!$F10-1))))) | K10: =IF($C10="","",IF(K$1="D",'组合输入'!$D10*'组合输入'!$G10,IF('组合输入'!$F10<=1,'组合输入'!$D10*(1+'组合输入'!$E10),'组合输入'!$D10*'组合输入'!$E10+IF('参数'!$B$5+INDEX('利差假设'!$B$2:$B$9,MATCH(K$1,'利差假设'!$A$2:$A$9,0))=0,'组合输入'!$D10+'组合输入'!$D10*'组合输入'!$E10*('组合输入'!$F10-1),'组合输入'!$D10*'组合输入'!$E10*(1-(1+'参数'!$B$5+INDEX('利差假设'!$B$2:$B$9,MATCH(K$1,'利差假设'!$A$2:$A$9,0)))^-('组合输入'!$F10-1))/('参数'!$B$5+INDEX('利差假设'!$B$2:$B$9,MATCH(K$1,'利差假设'!$A$2:$A$9,0)))+'组合输入'!$D10*(1+'参数'!$B$5+INDEX('利差假设'!$B$2:$B$9,MATCH(K$1,'利差假设'!$A$2:$A$9,0)))^-('组合输入'!$F10-1))))) | L10: =IF($C10="","",SUMPRODUCT(INDEX('评级迁移'!$B$2:$I$9,MATCH($C10,'评级迁移'!$A$2:$A$9,0),0),$D10:$K10)) | M10: =IF($C10="","",SQRT(SUMPRODUCT(INDEX('评级迁移'!$B$2:$I$9,MATCH($C10,'评级迁移'!$A$2:$A$9,0),0),($D10:$K10-$L10)*($D10:$K10-$L10)))) | N10: =IF($C10="","",'组合输入'!$J10-$L10) | O10: =IF($C10="","",'组合输入'!$J10-MIN($D10:$K10))
A11: ='组合输入'!A11 | B11: ='组合输入'!B11 | C11: ='组合输入'!C11 | D11: =IF($C11="","",IF(D$1="D",'组合输入'!$D11*'组合输入'!$G11,IF('组合输入'!$F11<=1,'组合输入'!$D11*(1+'组合输入'!$E11),'组合输入'!$D11*'组合输入'!$E11+IF('参数'!$B$5+INDEX('利差假设'!$B$2:$B$9,MATCH(D$1,'利差假设'!$A$2:$A$9,0))=0,'组合输入'!$D11+'组合输入'!$D11*'组合输入'!$E11*('组合输入'!$F11-1),'组合输入'!$D11*'组合输入'!$E11*(1-(1+'参数'!$B$5+INDEX('利差假设'!$B$2:$B$9,MATCH(D$1,'利差假设'!$A$2:$A$9,0)))^-('组合输入'!$F11-1))/('参数'!$B$5+INDEX('利差假设'!$B$2:$B$9,MATCH(D$1,'利差假设'!$A$2:$A$9,0)))+'组合输入'!$D11*(1+'参数'!$B$5+INDEX('利差假设'!$B$2:$B$9,MATCH(D$1,'利差假设'!$A$2:$A$9,0)))^-('组合输入'!$F11-1))))) | E11: =IF($C11="","",IF(E$1="D",'组合输入'!$D11*'组合输入'!$G11,IF('组合输入'!$F11<=1,'组合输入'!$D11*(1+'组合输入'!$E11),'组合输入'!$D11*'组合输入'!$E11+IF('参数'!$B$5+INDEX('利差假设'!$B$2:$B$9,MATCH(E$1,'利差假设'!$A$2:$A$9,0))=0,'组合输入'!$D11+'组合输入'!$D11*'组合输入'!$E11*('组合输入'!$F11-1),'组合输入'!$D11*'组合输入'!$E11*(1-(1+'参数'!$B$5+INDEX('利差假设'!$B$2:$B$9,MATCH(E$1,'利差假设'!$A$2:$A$9,0)))^-('组合输入'!$F11-1))/('参数'!$B$5+INDEX('利差假设'!$B$2:$B$9,MATCH(E$1,'利差假设'!$A$2:$A$9,0)))+'组合输入'!$D11*(1+'参数'!$B$5+INDEX('利差假设'!$B$2:$B$9,MATCH(E$1,'利差假设'!$A$2:$A$9,0)))^-('组合输入'!$F11-1))))) | F11: =IF($C11="","",IF(F$1="D",'组合输入'!$D11*'组合输入'!$G11,IF('组合输入'!$F11<=1,'组合输入'!$D11*(1+'组合输入'!$E11),'组合输入'!$D11*'组合输入'!$E11+IF('参数'!$B$5+INDEX('利差假设'!$B$2:$B$9,MATCH(F$1,'利差假设'!$A$2:$A$9,0))=0,'组合输入'!$D11+'组合输入'!$D11*'组合输入'!$E11*('组合输入'!$F11-1),'组合输入'!$D11*'组合输入'!$E11*(1-(1+'参数'!$B$5+INDEX('利差假设'!$B$2:$B$9,MATCH(F$1,'利差假设'!$A$2:$A$9,0)))^-('组合输入'!$F11-1))/('参数'!$B$5+INDEX('利差假设'!$B$2:$B$9,MATCH(F$1,'利差假设'!$A$2:$A$9,0)))+'组合输入'!$D11*(1+'参数'!$B$5+INDEX('利差假设'!$B$2:$B$9,MATCH(F$1,'利差假设'!$A$2:$A$9,0)))^-('组合输入'!$F11-1))))) | G11: =IF($C11="","",IF(G$1="D",'组合输入'!$D11*'组合输入'!$G11,IF('组合输入'!$F11<=1,'组合输入'!$D11*(1+'组合输入'!$E11),'组合输入'!$D11*'组合输入'!$E11+IF('参数'!$B$5+INDEX('利差假设'!$B$2:$B$9,MATCH(G$1,'利差假设'!$A$2:$A$9,0))=0,'组合输入'!$D11+'组合输入'!$D11*'组合输入'!$E11*('组合输入'!$F11-1),'组合输入'!$D11*'组合输入'!$E11*(1-(1+'参数'!$B$5+INDEX('利差假设'!$B$2:$B$9,MATCH(G$1,'利差假设'!$A$2:$A$9,0)))^-('组合输入'!$F11-1))/('参数'!$B$5+INDEX('利差假设'!$B$2:$B$9,MATCH(G$1,'利差假设'!$A$2:$A$9,0)))+'组合输入'!$D11*(1+'参数'!$B$5+INDEX('利差假设'!$B$2:$B$9,MATCH(G$1,'利差假设'!$A$2:$A$9,0)))^-('组合输入'!$F11-1))))) | H11: =IF($C11="","",IF(H$1="D",'组合输入'!$D11*'组合输入'!$G11,IF('组合输入'!$F11<=1,'组合输入'!$D11*(1+'组合输入'!$E11),'组合输入'!$D11*'组合输入'!$E11+IF('参数'!$B$5+INDEX('利差假设'!$B$2:$B$9,MATCH(H$1,'利差假设'!$A$2:$A$9,0))=0,'组合输入'!$D11+'组合输入'!$D11*'组合输入'!$E11*('组合输入'!$F11-1),'组合输入'!$D11*'组合输入'!$E11*(1-(1+'参数'!$B$5+INDEX('利差假设'!$B$2:$B$9,MATCH(H$1,'利差假设'!$A$2:$A$9,0)))^-('组合输入'!$F11-1))/('参数'!$B$5+INDEX('利差假设'!$B$2:$B$9,MATCH(H$1,'利差假设'!$A$2:$A$9,0)))+'组合输入'!$D11*(1+'参数'!$B$5+INDEX('利差假设'!$B$2:$B$9,MATCH(H$1,'利差假设'!$A$2:$A$9,0)))^-('组合输入'!$F11-1))))) | I11: =IF($C11="","",IF(I$1="D",'组合输入'!$D11*'组合输入'!$G11,IF('组合输入'!$F11<=1,'组合输入'!$D11*(1+'组合输入'!$E11),'组合输入'!$D11*'组合输入'!$E11+IF('参数'!$B$5+INDEX('利差假设'!$B$2:$B$9,MATCH(I$1,'利差假设'!$A$2:$A$9,0))=0,'组合输入'!$D11+'组合输入'!$D11*'组合输入'!$E11*('组合输入'!$F11-1),'组合输入'!$D11*'组合输入'!$E11*(1-(1+'参数'!$B$5+INDEX('利差假设'!$B$2:$B$9,MATCH(I$1,'利差假设'!$A$2:$A$9,0)))^-('组合输入'!$F11-1))/('参数'!$B$5+INDEX('利差假设'!$B$2:$B$9,MATCH(I$1,'利差假设'!$A$2:$A$9,0)))+'组合输入'!$D11*(1+'参数'!$B$5+INDEX('利差假设'!$B$2:$B$9,MATCH(I$1,'利差假设'!$A$2:$A$9,0)))^-('组合输入'!$F11-1))))) | J11: =IF($C11="","",IF(J$1="D",'组合输入'!$D11*'组合输入'!$G11,IF('组合输入'!$F11<=1,'组合输入'!$D11*(1+'组合输入'!$E11),'组合输入'!$D11*'组合输入'!$E11+IF('参数'!$B$5+INDEX('利差假设'!$B$2:$B$9,MATCH(J$1,'利差假设'!$A$2:$A$9,0))=0,'组合输入'!$D11+'组合输入'!$D11*'组合输入'!$E11*('组合输入'!$F11-1),'组合输入'!$D11*'组合输入'!$E11*(1-(1+'参数'!$B$5+INDEX('利差假设'!$B$2:$B$9,MATCH(J$1,'利差假设'!$A$2:$A$9,0)))^-('组合输入'!$F11-1))/('参数'!$B$5+INDEX('利差假设'!$B$2:$B$9,MATCH(J$1,'利差假设'!$A$2:$A$9,0)))+'组合输入'!$D11*(1+'参数'!$B$5+INDEX('利差假设'!$B$2:$B$9,MATCH(J$1,'利差假设'!$A$2:$A$9,0)))^-('组合输入'!$F11-1))))) | K11: =IF($C11="","",IF(K$1="D",'组合输入'!$D11*'组合输入'!$G11,IF('组合输入'!$F11<=1,'组合输入'!$D11*(1+'组合输入'!$E11),'组合输入'!$D11*'组合输入'!$E11+IF('参数'!$B$5+INDEX('利差假设'!$B$2:$B$9,MATCH(K$1,'利差假设'!$A$2:$A$9,0))=0,'组合输入'!$D11+'组合输入'!$D11*'组合输入'!$E11*('组合输入'!$F11-1),'组合输入'!$D11*'组合输入'!$E11*(1-(1+'参数'!$B$5+INDEX('利差假设'!$B$2:$B$9,MATCH(K$1,'利差假设'!$A$2:$A$9,0)))^-('组合输入'!$F11-1))/('参数'!$B$5+INDEX('利差假设'!$B$2:$B$9,MATCH(K$1,'利差假设'!$A$2:$A$9,0)))+'组合输入'!$D11*(1+'参数'!$B$5+INDEX('利差假设'!$B$2:$B$9,MATCH(K$1,'利差假设'!$A$2:$A$9,0)))^-('组合输入'!$F11-1))))) | L11: =IF($C11="","",SUMPRODUCT(INDEX('评级迁移'!$B$2:$I$9,MATCH($C11,'评级迁移'!$A$2:$A$9,0),0),$D11:$K11)) | M11: =IF($C11="","",SQRT(SUMPRODUCT(INDEX('评级迁移'!$B$2:$I$9,MATCH($C11,'评级迁移'!$A$2:$A$9,0),0),($D11:$K11-$L11)*($D11:$K11-$L11)))) | N11: =IF($C11="","",'组合输入'!$J11-$L11) | O11: =IF($C11="","",'组合输入'!$J11-MIN($D11:$K11))

Sheet 模拟
A1: 场景 | B1: 系统因子 | C1: 债项1_个体因子 | D1: 债项1_资产回报 | E1: 债项1_百分位 | F1: 债项1_迁移评级 | G1: 债项1_价值 | H1: 债项2_个体因子 | I1: 债项2_资产回报 | J1: 债项2_百分位 | K1: 债项2_迁移评级 | L1: 债项2_价值 | M1: 债项3_个体因子 | N1: 债项3_资产回报 | O1: 债项3_百分位 | P1: 债项3_迁移评级 | Q1: 债项3_价值 | R1: 债项4_个体因子 | S1: 债项4_资产回报 | T1: 债项4_百分位 | U1: 债项4_迁移评级 | V1: 债项4_价值 | W1: 债项5_个体因子 | X1: 债项5_资产回报 | Y1: 债项5_百分位 | Z1: 债项5_迁移评级 | AA1: 债项5_价值 | AB1: 债项6_个体因子 | AC1: 债项6_资产回报 | AD1: 债项6_百分位 | AE1: 债项6_迁移评级 | AF1: 债项6_价值 | AG1: 债项7_个体因子 | AH1: 债项7_资产回报 | AI1: 债项7_百分位 | AJ1: 债项7_迁移评级 | AK1: 债项7_价值 | AL1: 债项8_个体因子 | AM1: 债项8_资产回报 | AN1: 债项8_百分位 | AO1: 债项8_迁移评级 | AP1: 债项8_价值 | AQ1: 债项9_个体因子 | AR1: 债项9_资产回报 | AS1: 债项9_百分位 | AT1: 债项9_迁移评级 | AU1: 债项9_价值 | AV1: 债项10_个体因子 | AW1: 债项10_资产回报 | AX1: 债项10_百分位 | AY1: 债项10_迁移评级 | AZ1: 债项10_价值 | BA1: 组合价值 | BB1: 组合损失
A2: 1 | B2: =NORM.S.INV(RAND()) | C2: =NORM.S.INV(RAND()) | D2: =IF('组合输入'!$C2="","",'组合输入'!$H2*$B2+SQRT(1-'组合输入'!$H2^2)*C2) | E2: =IF(D2="","",NORM.S.DIST(D2,TRUE)) | F2: =IF(E2="","",IF(E2<='组合输入'!$K2,"AAA",IF(E2<='组合输入'!$L2,"AA",IF(E2<='组合输入'!$M2,"A",IF(E2<='组合输入'!$N2,"BBB",IF(E2<='组合输入'!$O2,"BB",IF(E2<='组合输入'!$P2,"B",IF(E2<='组合输入'!$Q2,"CCC","D"))))))) | G2: =IF(F2="","",INDEX('状态价值'!$D2:$K2,MATCH(F2,'状态价值'!$D$1:$K$1,0))) | H2: =NORM.S.INV(RAND()) | I2: =IF('组合输入'!$C3="","",'组合输入'!$H3*$B2+SQRT(1-'组合输入'!$H3^2)*H2) | J2: =IF(I2="","",NORM.S.DIST(I2,TRUE)) | K2: =IF(J2="","",IF(J2<='组合输入'!$K3,"AAA",IF(J2<='组合输入'!$L3,"AA",IF(J2<='组合输入'!$M3,"A",IF(J2<='组合输入'!$N3,"BBB",IF(J2<='组合输入'!$O3,"BB",IF(J2<='组合输入'!$P3,"B",IF(J2<='组合输入'!$Q3,"CCC","D"))))))) | L2: =IF(K2="","",INDEX('状态价值'!$D3:$K3,MATCH(K2,'状态价值'!$D$1:$K$1,0))) | M2: =NORM.S.INV(RAND()) | N2: =IF('组合输入'!$C4="","",'组合输入'!$H4*$B2+SQRT(1-'组合输入'!$H4^2)*M2) | O2: =IF(N2="","",NORM.S.DIST(N2,TRUE)) | P2: =IF(O2="","",IF(O2<='组合输入'!$K4,"AAA",IF(O2<='组合输入'!$L4,"AA",IF(O2<='组合输入'!$M4,"A",IF(O2<='组合输入'!$N4,"BBB",IF(O2<='组合输入'!$O4,"BB",IF(O2<='组合输入'!$P4,"B",IF(O2<='组合输入'!$Q4,"CCC","D"))))))) | Q2: =IF(P2="","",INDEX('状态价值'!$D4:$K4,MATCH(P2,'状态价值'!$D$1:$K$1,0))) | R2: =NORM.S.INV(RAND()) | S2: =IF('组合输入'!$C5="","",'组合输入'!$H5*$B2+SQRT(1-'组合输入'!$H5^2)*R2) | T2: =IF(S2="","",NORM.S.DIST(S2,TRUE)) | U2: =IF(T2="","",IF(T2<='组合输入'!$K5,"AAA",IF(T2<='组合输入'!$L5,"AA",IF(T2<='组合输入'!$M5,"A",IF(T2<='组合输入'!$N5,"BBB",IF(T2<='组合输入'!$O5,"BB",IF(T2<='组合输入'!$P5,"B",IF(T2<='组合输入'!$Q5,"CCC","D"))))))) | V2: =IF(U2="","",INDEX('状态价值'!$D5:$K5,MATCH(U2,'状态价值'!$D$1:$K$1,0))) | W2: =NORM.S.INV(RAND()) | X2: =IF('组合输入'!$C6="","",'组合输入'!$H6*$B2+SQRT(1-'组合输入'!$H6^2)*W2) | Y2: =IF(X2="","",NORM.S.DIST(X2,TRUE)) | Z2: =IF(Y2="","",IF(Y2<='组合输入'!$K6,"AAA",IF(Y2<='组合输入'!$L6,"AA",IF(Y2<='组合输入'!$M6,"A",IF(Y2<='组合输入'!$N6,"BBB",IF(Y2<='组合输入'!$O6,"BB",IF(Y2<='组合输入'!$P6,"B",IF(Y2<='组合输入'!$Q6,"CCC","D"))))))) | AA2: =IF(Z2="","",INDEX('状态价值'!$D6:$K6,MATCH(Z2,'状态价值'!$D$1:$K$1,0))) | AB2: =NORM.S.INV(RAND()) | AC2: =IF('组合输入'!$C7="","",'组合输入'!$H7*$B2+SQRT(1-'组合输入'!$H7^2)*AB2) | AD2: =IF(AC2="","",NORM.S.DIST(AC2,TRUE)) | AE2: =IF(AD2="","",IF(AD2<='组合输入'!$K7,"AAA",IF(AD2<='组合输入'!$L7,"AA",IF(AD2<='组合输入'!$M7,"A",IF(AD2<='组合输入'!$N7,"BBB",IF(AD2<='组合输入'!$O7,"BB",IF(AD2<='组合输入'!$P7,"B",IF(AD2<='组合输入'!$Q7,"CCC","D"))))))) | AF2: =IF(AE2="","",INDEX('状态价值'!$D7:$K7,MATCH(AE2,'状态价值'!$D$1:$K$1,0))) | AG2: =NORM.S.INV(RAND()) | AH2: =IF('组合输入'!$C8="","",'组合输入'!$H8*$B2+SQRT(1-'组合输入'!$H8^2)*AG2) | AI2: =IF(AH2="","",NORM.S.DIST(AH2,TRUE)) | AJ2: =IF(AI2="","",IF(AI2<='组合输入'!$K8,"AAA",IF(AI2<='组合输入'!$L8,"AA",IF(AI2<='组合输入'!$M8,"A",IF(AI2<='组合输入'!$N8,"BBB",IF(AI2<='组合输入'!$O8,"BB",IF(AI2<='组合输入'!$P8,"B",IF(AI2<='组合输入'!$Q8,"CCC","D"))))))) | AK2: =IF(AJ2="","",INDEX('状态价值'!$D8:$K8,MATCH(AJ2,'状态价值'!$D$1:$K$1,0))) | AL2: =NORM.S.INV(RAND()) | AM2: =IF('组合输入'!$C9="","",'组合输入'!$H9*$B2+SQRT(1-'组合输入'!$H9^2)*AL2) | AN2: =IF(AM2="","",NORM.S.DIST(AM2,TRUE)) | AO2: =IF(AN2="","",IF(AN2<='组合输入'!$K9,"AAA",IF(AN2<='组合输入'!$L9,"AA",IF(AN2<='组合输入'!$M9,"A",IF(AN2<='组合输入'!$N9,"BBB",IF(AN2<='组合输入'!$O9,"BB",IF(AN2<='组合输入'!$P9,"B",IF(AN2<='组合输入'!$Q9,"CCC","D"))))))) | AP2: =IF(AO2="","",INDEX('状态价值'!$D9:$K9,MATCH(AO2,'状态价值'!$D$1:$K$1,0))) | AQ2: =NORM.S.INV(RAND()) | AR2: =IF('组合输入'!$C10="","",'组合输入'!$H10*$B2+SQRT(1-'组合输入'!$H10^2)*AQ2) | AS2: =IF(AR2="","",NORM.S.DIST(AR2,TRUE)) | AT2: =IF(AS2="","",IF(AS2<='组合输入'!$K10,"AAA",IF(AS2<='组合输入'!$L10,"AA",IF(AS2<='组合输入'!$M10,"A",IF(AS2<='组合输入'!$N10,"BBB",IF(AS2<='组合输入'!$O10,"BB",IF(AS2<='组合输入'!$P10,"B",IF(AS2<='组合输入'!$Q10,"CCC","D"))))))) | AU2: =IF(AT2="","",INDEX('状态价值'!$D10:$K10,MATCH(AT2,'状态价值'!$D$1:$K$1,0))) | AV2: =NORM.S.INV(RAND()) | AW2: =IF('组合输入'!$C11="","",'组合输入'!$H11*$B2+SQRT(1-'组合输入'!$H11^2)*AV2) | AX2: =IF(AW2="","",NORM.S.DIST(AW2,TRUE)) | AY2: =IF(AX2="","",IF(AX2<='组合输入'!$K11,"AAA",IF(AX2<='组合输入'!$L11,"AA",IF(AX2<='组合输入'!$M11,"A",IF(AX2<='组合输入'!$N11,"BBB",IF(AX2<='组合输入'!$O11,"BB",IF(AX2<='组合输入'!$P11,"B",IF(AX2<='组合输入'!$Q11,"CCC","D"))))))) | AZ2: =IF(AY2="","",INDEX('状态价值'!$D11:$K11,MATCH(AY2,'状态价值'!$D$1:$K$1,0))) | BA2: =G2+L2+Q2+V2+AA2+AF2+AK2+AP2+AU2+AZ2 | BB2: =SUM('组合输入'!$J$2:$J$11)-BA2
A3: 2 | B3: =NORM.S.INV(RAND()) | C3: =NORM.S.INV(RAND()) | D3: =IF('组合输入'!$C2="","",'组合输入'!$H2*$B3+SQRT(1-'组合输入'!$H2^2)*C3) | E3: =IF(D3="","",NORM.S.DIST(D3,TRUE)) | F3: =IF(E3="","",IF(E3<='组合输入'!$K2,"AAA",IF(E3<='组合输入'!$L2,"AA",IF(E3<='组合输入'!$M2,"A",IF(E3<='组合输入'!$N2,"BBB",IF(E3<='组合输入'!$O2,"BB",IF(E3<='组合输入'!$P2,"B",IF(E3<='组合输入'!$Q2,"CCC","D"))))))) | G3: =IF(F3="","",INDEX('状态价值'!$D2:$K2,MATCH(F3,'状态价值'!$D$1:$K$1,0))) | H3: =NORM.S.INV(RAND()) | I3: =IF('组合输入'!$C3="","",'组合输入'!$H3*$B3+SQRT(1-'组合输入'!$H3^2)*H3) | J3: =IF(I3="","",NORM.S.DIST(I3,TRUE)) | K3: =IF(J3="","",IF(J3<='组合输入'!$K3,"AAA",IF(J3<='组合输入'!$L3,"AA",IF(J3<='组合输入'!$M3,"A",IF(J3<='组合输入'!$N3,"BBB",IF(J3<='组合输入'!$O3,"BB",IF(J3<='组合输入'!$P3,"B",IF(J3<='组合输入'!$Q3,"CCC","D"))))))) | L3: =IF(K3="","",INDEX('状态价值'!$D3:$K3,MATCH(K3,'状态价值'!$D$1:$K$1,0))) | M3: =NORM.S.INV(RAND()) | N3: =IF('组合输入'!$C4="","",'组合输入'!$H4*$B3+SQRT(1-'组合输入'!$H4^2)*M3) | O3: =IF(N3="","",NORM.S.DIST(N3,TRUE)) | P3: =IF(O3="","",IF(O3<='组合输入'!$K4,"AAA",IF(O3<='组合输入'!$L4,"AA",IF(O3<='组合输入'!$M4,"A",IF(O3<='组合输入'!$N4,"BBB",IF(O3<='组合输入'!$O4,"BB",IF(O3<='组合输入'!$P4,"B",IF(O3<='组合输入'!$Q4,"CCC","D"))))))) | Q3: =IF(P3="","",INDEX('状态价值'!$D4:$K4,MATCH(P3,'状态价值'!$D$1:$K$1,0))) | R3: =NORM.S.INV(RAND()) | S3: =IF('组合输入'!$C5="","",'组合输入'!$H5*$B3+SQRT(1-'组合输入'!$H5^2)*R3) | T3: =IF(S3="","",NORM.S.DIST(S3,TRUE)) | U3: =IF(T3="","",IF(T3<='组合输入'!$K5,"AAA",IF(T3<='组合输入'!$L5,"AA",IF(T3<='组合输入'!$M5,"A",IF(T3<='组合输入'!$N5,"BBB",IF(T3<='组合输入'!$O5,"BB",IF(T3<='组合输入'!$P5,"B",IF(T3<='组合输入'!$Q5,"CCC","D"))))))) | V3: =IF(U3="","",INDEX('状态价值'!$D5:$K5,MATCH(U3,'状态价值'!$D$1:$K$1,0))) | W3: =NORM.S.INV(RAND()) | X3: =IF('组合输入'!$C6="","",'组合输入'!$H6*$B3+SQRT(1-'组合输入'!$H6^2)*W3) | Y3: =IF(X3="","",NORM.S.DIST(X3,TRUE)) | Z3: =IF(Y3="","",IF(Y3<='组合输入'!$K6,"AAA",IF(Y3<='组合输入'!$L6,"AA",IF(Y3<='组合输入'!$M6,"A",IF(Y3<='组合输入'!$N6,"BBB",IF(Y3<='组合输入'!$O6,"BB",IF(Y3<='组合输入'!$P6,"B",IF(Y3<='组合输入'!$Q6,"CCC","D"))))))) | AA3: =IF(Z3="","",INDEX('状态价值'!$D6:$K6,MATCH(Z3,'状态价值'!$D$1:$K$1,0))) | AB3: =NORM.S.INV(RAND()) | AC3: =IF('组合输入'!$C7="","",'组合输入'!$H7*$B3+SQRT(1-'组合输入'!$H7^2)*AB3) | AD3: =IF(AC3="","",NORM.S.DIST(AC3,TRUE)) | AE3: =IF(AD3="","",IF(AD3<='组合输入'!$K7,"AAA",IF(AD3<='组合输入'!$L7,"AA",IF(AD3<='组合输入'!$M7,"A",IF(AD3<='组合输入'!$N7,"BBB",IF(AD3<='组合输入'!$O7,"BB",IF(AD3<='组合输入'!$P7,"B",IF(AD3<='组合输入'!$Q7,"CCC","D"))))))) | AF3: =IF(AE3="","",INDEX('状态价值'!$D7:$K7,MATCH(AE3,'状态价值'!$D$1:$K$1,0))) | AG3: =NORM.S.INV(RAND()) | AH3: =IF('组合输入'!$C8="","",'组合输入'!$H8*$B3+SQRT(1-'组合输入'!$H8^2)*AG3) | AI3: =IF(AH3="","",NORM.S.DIST(AH3,TRUE)) | AJ3: =IF(AI3="","",IF(AI3<='组合输入'!$K8,"AAA",IF(AI3<='组合输入'!$L8,"AA",IF(AI3<='组合输入'!$M8,"A",IF(AI3<='组合输入'!$N8,"BBB",IF(AI3<='组合输入'!$O8,"BB",IF(AI3<='组合输入'!$P8,"B",IF(AI3<='组合输入'!$Q8,"CCC","D"))))))) | AK3: =IF(AJ3="","",INDEX('状态价值'!$D8:$K8,MATCH(AJ3,'状态价值'!$D$1:$K$1,0))) | AL3: =NORM.S.INV(RAND()) | AM3: =IF('组合输入'!$C9="","",'组合输入'!$H9*$B3+SQRT(1-'组合输入'!$H9^2)*AL3) | AN3: =IF(AM3="","",NORM.S.DIST(AM3,TRUE)) | AO3: =IF(AN3="","",IF(AN3<='组合输入'!$K9,"AAA",IF(AN3<='组合输入'!$L9,"AA",IF(AN3<='组合输入'!$M9,"A",IF(AN3<='组合输入'!$N9,"BBB",IF(AN3<='组合输入'!$O9,"BB",IF(AN3<='组合输入'!$P9,"B",IF(AN3<='组合输入'!$Q9,"CCC","D"))))))) | AP3: =IF(AO3="","",INDEX('状态价值'!$D9:$K9,MATCH(AO3,'状态价值'!$D$1:$K$1,0))) | AQ3: =NORM.S.INV(RAND()) | AR3: =IF('组合输入'!$C10="","",'组合输入'!$H10*$B3+SQRT(1-'组合输入'!$H10^2)*AQ3) | AS3: =IF(AR3="","",NORM.S.DIST(AR3,TRUE)) | AT3: =IF(AS3="","",IF(AS3<='组合输入'!$K10,"AAA",IF(AS3<='组合输入'!$L10,"AA",IF(AS3<='组合输入'!$M10,"A",IF(AS3<='组合输入'!$N10,"BBB",IF(AS3<='组合输入'!$O10,"BB",IF(AS3<='组合输入'!$P10,"B",IF(AS3<='组合输入'!$Q10,"CCC","D"))))))) | AU3: =IF(AT3="","",INDEX('状态价值'!$D10:$K10,MATCH(AT3,'状态价值'!$D$1:$K$1,0))) | AV3: =NORM.S.INV(RAND()) | AW3: =IF('组合输入'!$C11="","",'组合输入'!$H11*$B3+SQRT(1-'组合输入'!$H11^2)*AV3) | AX3: =IF(AW3="","",NORM.S.DIST(AW3,TRUE)) | AY3: =IF(AX3="","",IF(AX3<='组合输入'!$K11,"AAA",IF(AX3<='组合输入'!$L11,"AA",IF(AX3<='组合输入'!$M11,"A",IF(AX3<='组合输入'!$N11,"BBB",IF(AX3<='组合输入'!$O11,"BB",IF(AX3<='组合输入'!$P11,"B",IF(AX3<='组合输入'!$Q11,"CCC","D"))))))) | AZ3: =IF(AY3="","",INDEX('状态价值'!$D11:$K11,MATCH(AY3,'状态价值'!$D$1:$K$1,0))) | BA3: =G3+L3+Q3+V3+AA3+AF3+AK3+AP3+AU3+AZ3 | BB3: =SUM('组合输入'!$J$2:$J$11)-BA3
A4: 3 | B4: =NORM.S.INV(RAND()) | C4: =NORM.S.INV(RAND()) | D4: =IF('组合输入'!$C2="","",'组合输入'!$H2*$B4+SQRT(1-'组合输入'!$H2^2)*C4) | E4: =IF(D4="","",NORM.S.DIST(D4,TRUE)) | F4: =IF(E4="","",IF(E4<='组合输入'!$K2,"AAA",IF(E4<='组合输入'!$L2,"AA",IF(E4<='组合输入'!$M2,"A",IF(E4<='组合输入'!$N2,"BBB",IF(E4<='组合输入'!$O2,"BB",IF(E4<='组合输入'!$P2,"B",IF(E4<='组合输入'!$Q2,"CCC","D"))))))) | G4: =IF(F4="","",INDEX('状态价值'!$D2:$K2,MATCH(F4,'状态价值'!$D$1:$K$1,0))) | H4: =NORM.S.INV(RAND()) | I4: =IF('组合输入'!$C3="","",'组合输入'!$H3*$B4+SQRT(1-'组合输入'!$H3^2)*H4) | J4: =IF(I4="","",NORM.S.DIST(I4,TRUE)) | K4: =IF(J4="","",IF(J4<='组合输入'!$K3,"AAA",IF(J4<='组合输入'!$L3,"AA",IF(J4<='组合输入'!$M3,"A",IF(J4<='组合输入'!$N3,"BBB",IF(J4<='组合输入'!$O3,"BB",IF(J4<='组合输入'!$P3,"B",IF(J4<='组合输入'!$Q3,"CCC","D"))))))) | L4: =IF(K4="","",INDEX('状态价值'!$D3:$K3,MATCH(K4,'状态价值'!$D$1:$K$1,0))) | M4: =NORM.S.INV(RAND()) | N4: =IF('组合输入'!$C4="","",'组合输入'!$H4*$B4+SQRT(1-'组合输入'!$H4^2)*M4) | O4: =IF(N4="","",NORM.S.DIST(N4,TRUE)) | P4: =IF(O4="","",IF(O4<='组合输入'!$K4,"AAA",IF(O4<='组合输入'!$L4,"AA",IF(O4<='组合输入'!$M4,"A",IF(O4<='组合输入'!$N4,"BBB",IF(O4<='组合输入'!$O4,"BB",IF(O4<='组合输入'!$P4,"B",IF(O4<='组合输入'!$Q4,"CCC","D"))))))) | Q4: =IF(P4="","",INDEX('状态价值'!$D4:$K4,MATCH(P4,'状态价值'!$D$1:$K$1,0))) | R4: =NORM.S.INV(RAND()) | S4: =IF('组合输入'!$C5="","",'组合输入'!$H5*$B4+SQRT(1-'组合输入'!$H5^2)*R4) | T4: =IF(S4="","",NORM.S.DIST(S4,TRUE)) | U4: =IF(T4="","",IF(T4<='组合输入'!$K5,"AAA",IF(T4<='组合输入'!$L5,"AA",IF(T4<='组合输入'!$M5,"A",IF(T4<='组合输入'!$N5,"BBB",IF(T4<='组合输入'!$O5,"BB",IF(T4<='组合输入'!$P5,"B",IF(T4<='组合输入'!$Q5,"CCC","D"))))))) | V4: =IF(U4="","",INDEX('状态价值'!$D5:$K5,MATCH(U4,'状态价值'!$D$1:$K$1,0))) | W4: =NORM.S.INV(RAND()) | X4: =IF('组合输入'!$C6="","",'组合输入'!$H6*$B4+SQRT(1-'组合输入'!$H6^2)*W4) | Y4: =IF(X4="","",NORM.S.DIST(X4,TRUE)) | Z4: =IF(Y4="","",IF(Y4<='组合输入'!$K6,"AAA",IF(Y4<='组合输入'!$L6,"AA",IF(Y4<='组合输入'!$M6,"A",IF(Y4<='组合输入'!$N6,"BBB",IF(Y4<='组合输入'!$O6,"BB",IF(Y4<='组合输入'!$P6,"B",IF(Y4<='组合输入'!$Q6,"CCC","D"))))))) | AA4: =IF(Z4="","",INDEX('状态价值'!$D6:$K6,MATCH(Z4,'状态价值'!$D$1:$K$1,0))) | AB4: =NORM.S.INV(RAND()) | AC4: =IF('组合输入'!$C7="","",'组合输入'!$H7*$B4+SQRT(1-'组合输入'!$H7^2)*AB4) | AD4: =IF(AC4="","",NORM.S.DIST(AC4,TRUE)) | AE4: =IF(AD4="","",IF(AD4<='组合输入'!$K7,"AAA",IF(AD4<='组合输入'!$L7,"AA",IF(AD4<='组合输入'!$M7,"A",IF(AD4<='组合输入'!$N7,"BBB",IF(AD4<='组合输入'!$O7,"BB",IF(AD4<='组合输入'!$P7,"B",IF(AD4<='组合输入'!$Q7,"CCC","D"))))))) | AF4: =IF(AE4="","",INDEX('状态价值'!$D7:$K7,MATCH(AE4,'状态价值'!$D$1:$K$1,0))) | AG4: =NORM.S.INV(RAND()) | AH4: =IF('组合输入'!$C8="","",'组合输入'!$H8*$B4+SQRT(1-'组合输入'!$H8^2)*AG4) | AI4: =IF(AH4="","",NORM.S.DIST(AH4,TRUE)) | AJ4: =IF(AI4="","",IF(AI4<='组合输入'!$K8,"AAA",IF(AI4<='组合输入'!$L8,"AA",IF(AI4<='组合输入'!$M8,"A",IF(AI4<='组合输入'!$N8,"BBB",IF(AI4<='组合输入'!$O8,"BB",IF(AI4<='组合输入'!$P8,"B",IF(AI4<='组合输入'!$Q8,"CCC","D"))))))) | AK4: =IF(AJ4="","",INDEX('状态价值'!$D8:$K8,MATCH(AJ4,'状态价值'!$D$1:$K$1,0))) | AL4: =NORM.S.INV(RAND()) | AM4: =IF('组合输入'!$C9="","",'组合输入'!$H9*$B4+SQRT(1-'组合输入'!$H9^2)*AL4) | AN4: =IF(AM4="","",NORM.S.DIST(AM4,TRUE)) | AO4: =IF(AN4="","",IF(AN4<='组合输入'!$K9,"AAA",IF(AN4<='组合输入'!$L9,"AA",IF(AN4<='组合输入'!$M9,"A",IF(AN4<='组合输入'!$N9,"BBB",IF(AN4<='组合输入'!$O9,"BB",IF(AN4<='组合输入'!$P9,"B",IF(AN4<='组合输入'!$Q9,"CCC","D"))))))) | AP4: =IF(AO4="","",INDEX('状态价值'!$D9:$K9,MATCH(AO4,'状态价值'!$D$1:$K$1,0))) | AQ4: =NORM.S.INV(RAND()) | AR4: =IF('组合输入'!$C10="","",'组合输入'!$H10*$B4+SQRT(1-'组合输入'!$H10^2)*AQ4) | AS4: =IF(AR4="","",NORM.S.DIST(AR4,TRUE)) | AT4: =IF(AS4="","",IF(AS4<='组合输入'!$K10,"AAA",IF(AS4<='组合输入'!$L10,"AA",IF(AS4<='组合输入'!$M10,"A",IF(AS4<='组合输入'!$N10,"BBB",IF(AS4<='组合输入'!$O10,"BB",IF(AS4<='组合输入'!$P10,"B",IF(AS4<='组合输入'!$Q10,"CCC","D"))))))) | AU4: =IF(AT4="","",INDEX('状态价值'!$D10:$K10,MATCH(AT4,'状态价值'!$D$1:$K$1,0))) | AV4: =NORM.S.INV(RAND()) | AW4: =IF('组合输入'!$C11="","",'组合输入'!$H11*$B4+SQRT(1-'组合输入'!$H11^2)*AV4) | AX4: =IF(AW4="","",NORM.S.DIST(AW4,TRUE)) | AY4: =IF(AX4="","",IF(AX4<='组合输入'!$K11,"AAA",IF(AX4<='组合输入'!$L11,"AA",IF(AX4<='组合输入'!$M11,"A",IF(AX4<='组合输入'!$N11,"BBB",IF(AX4<='组合输入'!$O11,"BB",IF(AX4<='组合输入'!$P11,"B",IF(AX4<='组合输入'!$Q11,"CCC","D"))))))) | AZ4: =IF(AY4="","",INDEX('状态价值'!$D11:$K11,MATCH(AY4,'状态价值'!$D$1:$K$1,0))) | BA4: =G4+L4+Q4+V4+AA4+AF4+AK4+AP4+AU4+AZ4 | BB4: =SUM('组合输入'!$J$2:$J$11)-BA4
A5: 4 | B5: =NORM.S.INV(RAND()) | C5: =NORM.S.INV(RAND()) | D5: =IF('组合输入'!$C2="","",'组合输入'!$H2*$B5+SQRT(1-'组合输入'!$H2^2)*C5) | E5: =IF(D5="","",NORM.S.DIST(D5,TRUE)) | F5: =IF(E5="","",IF(E5<='组合输入'!$K2,"AAA",IF(E5<='组合输入'!$L2,"AA",IF(E5<='组合输入'!$M2,"A",IF(E5<='组合输入'!$N2,"BBB",IF(E5<='组合输入'!$O2,"BB",IF(E5<='组合输入'!$P2,"B",IF(E5<='组合输入'!$Q2,"CCC","D"))))))) | G5: =IF(F5="","",INDEX('状态价值'!$D2:$K2,MATCH(F5,'状态价值'!$D$1:$K$1,0))) | H5: =NORM.S.INV(RAND()) | I5: =IF('组合输入'!$C3="","",'组合输入'!$H3*$B5+SQRT(1-'组合输入'!$H3^2)*H5) | J5: =IF(I5="","",NORM.S.DIST(I5,TRUE)) | K5: =IF(J5="","",IF(J5<='组合输入'!$K3,"AAA",IF(J5<='组合输入'!$L3,"AA",IF(J5<='组合输入'!$M3,"A",IF(J5<='组合输入'!$N3,"BBB",IF(J5<='组合输入'!$O3,"BB",IF(J5<='组合输入'!$P3,"B",IF(J5<='组合输入'!$Q3,"CCC","D"))))))) | L5: =IF(K5="","",INDEX('状态价值'!$D3:$K3,MATCH(K5,'状态价值'!$D$1:$K$1,0))) | M5: =NORM.S.INV(RAND()) | N5: =IF('组合输入'!$C4="","",'组合输入'!$H4*$B5+SQRT(1-'组合输入'!$H4^2)*M5) | O5: =IF(N5="","",NORM.S.DIST(N5,TRUE)) | P5: =IF(O5="","",IF(O5<='组合输入'!$K4,"AAA",IF(O5<='组合输入'!$L4,"AA",IF(O5<='组合输入'!$M4,"A",IF(O5<='组合输入'!$N4,"BBB",IF(O5<='组合输入'!$O4,"BB",IF(O5<='组合输入'!$P4,"B",IF(O5<='组合输入'!$Q4,"CCC","D"))))))) | Q5: =IF(P5="","",INDEX('状态价值'!$D4:$K4,MATCH(P5,'状态价值'!$D$1:$K$1,0))) | R5: =NORM.S.INV(RAND()) | S5: =IF('组合输入'!$C5="","",'组合输入'!$H5*$B5+SQRT(1-'组合输入'!$H5^2)*R5) | T5: =IF(S5="","",NORM.S.DIST(S5,TRUE)) | U5: =IF(T5="","",IF(T5<='组合输入'!$K5,"AAA",IF(T5<='组合输入'!$L5,"AA",IF(T5<='组合输入'!$M5,"A",IF(T5<='组合输入'!$N5,"BBB",IF(T5<='组合输入'!$O5,"BB",IF(T5<='组合输入'!$P5,"B",IF(T5<='组合输入'!$Q5,"CCC","D"))))))) | V5: =IF(U5="","",INDEX('状态价值'!$D5:$K5,MATCH(U5,'状态价值'!$D$1:$K$1,0))) | W5: =NORM.S.INV(RAND()) | X5: =IF('组合输入'!$C6="","",'组合输入'!$H6*$B5+SQRT(1-'组合输入'!$H6^2)*W5) | Y5: =IF(X5="","",NORM.S.DIST(X5,TRUE)) | Z5: =IF(Y5="","",IF(Y5<='组合输入'!$K6,"AAA",IF(Y5<='组合输入'!$L6,"AA",IF(Y5<='组合输入'!$M6,"A",IF(Y5<='组合输入'!$N6,"BBB",IF(Y5<='组合输入'!$O6,"BB",IF(Y5<='组合输入'!$P6,"B",IF(Y5<='组合输入'!$Q6,"CCC","D"))))))) | AA5: =IF(Z5="","",INDEX('状态价值'!$D6:$K6,MATCH(Z5,'状态价值'!$D$1:$K$1,0))) | AB5: =NORM.S.INV(RAND()) | AC5: =IF('组合输入'!$C7="","",'组合输入'!$H7*$B5+SQRT(1-'组合输入'!$H7^2)*AB5) | AD5: =IF(AC5="","",NORM.S.DIST(AC5,TRUE)) | AE5: =IF(AD5="","",IF(AD5<='组合输入'!$K7,"AAA",IF(AD5<='组合输入'!$L7,"AA",IF(AD5<='组合输入'!$M7,"A",IF(AD5<='组合输入'!$N7,"BBB",IF(AD5<='组合输入'!$O7,"BB",IF(AD5<='组合输入'!$P7,"B",IF(AD5<='组合输入'!$Q7,"CCC","D"))))))) | AF5: =IF(AE5="","",INDEX('状态价值'!$D7:$K7,MATCH(AE5,'状态价值'!$D$1:$K$1,0))) | AG5: =NORM.S.INV(RAND()) | AH5: =IF('组合输入'!$C8="","",'组合输入'!$H8*$B5+SQRT(1-'组合输入'!$H8^2)*AG5) | AI5: =IF(AH5="","",NORM.S.DIST(AH5,TRUE)) | AJ5: =IF(AI5="","",IF(AI5<='组合输入'!$K8,"AAA",IF(AI5<='组合输入'!$L8,"AA",IF(AI5<='组合输入'!$M8,"A",IF(AI5<='组合输入'!$N8,"BBB",IF(AI5<='组合输入'!$O8,"BB",IF(AI5<='组合输入'!$P8,"B",IF(AI5<='组合输入'!$Q8,"CCC","D"))))))) | AK5: =IF(AJ5="","",INDEX('状态价值'!$D8:$K8,MATCH(AJ5,'状态价值'!$D$1:$K$1,0))) | AL5: =NORM.S.INV(RAND()) | AM5: =IF('组合输入'!$C9="","",'组合输入'!$H9*$B5+SQRT(1-'组合输入'!$H9^2)*AL5) | AN5: =IF(AM5="","",NORM.S.DIST(AM5,TRUE)) | AO5: =IF(AN5="","",IF(AN5<='组合输入'!$K9,"AAA",IF(AN5<='组合输入'!$L9,"AA",IF(AN5<='组合输入'!$M9,"A",IF(AN5<='组合输入'!$N9,"BBB",IF(AN5<='组合输入'!$O9,"BB",IF(AN5<='组合输入'!$P9,"B",IF(AN5<='组合输入'!$Q9,"CCC","D"))))))) | AP5: =IF(AO5="","",INDEX('状态价值'!$D9:$K9,MATCH(AO5,'状态价值'!$D$1:$K$1,0))) | AQ5: =NORM.S.INV(RAND()) | AR5: =IF('组合输入'!$C10="","",'组合输入'!$H10*$B5+SQRT(1-'组合输入'!$H10^2)*AQ5) | AS5: =IF(AR5="","",NORM.S.DIST(AR5,TRUE)) | AT5: =IF(AS5="","",IF(AS5<='组合输入'!$K10,"AAA",IF(AS5<='组合输入'!$L10,"AA",IF(AS5<='组合输入'!$M10,"A",IF(AS5<='组合输入'!$N10,"BBB",IF(AS5<='组合输入'!$O10,"BB",IF(AS5<='组合输入'!$P10,"B",IF(AS5<='组合输入'!$Q10,"CCC","D"))))))) | AU5: =IF(AT5="","",INDEX('状态价值'!$D10:$K10,MATCH(AT5,'状态价值'!$D$1:$K$1,0))) | AV5: =NORM.S.INV(RAND()) | AW5: =IF('组合输入'!$C11="","",'组合输入'!$H11*$B5+SQRT(1-'组合输入'!$H11^2)*AV5) | AX5: =IF(AW5="","",NORM.S.DIST(AW5,TRUE)) | AY5: =IF(AX5="","",IF(AX5<='组合输入'!$K11,"AAA",IF(AX5<='组合输入'!$L11,"AA",IF(AX5<='组合输入'!$M11,"A",IF(AX5<='组合输入'!$N11,"BBB",IF(AX5<='组合输入'!$O11,"BB",IF(AX5<='组合输入'!$P11,"B",IF(AX5<='组合输入'!$Q11,"CCC","D"))))))) | AZ5: =IF(AY5="","",INDEX('状态价值'!$D11:$K11,MATCH(AY5,'状态价值'!$D$1:$K$1,0))) | BA5: =G5+L5+Q5+V5+AA5+AF5+AK5+AP5+AU5+AZ5 | BB5: =SUM('组合输入'!$J$2:$J$11)-BA5
A6: 5 | B6: =NORM.S.INV(RAND()) | C6: =NORM.S.INV(RAND()) | D6: =IF('组合输入'!$C2="","",'组合输入'!$H2*$B6+SQRT(1-'组合输入'!$H2^2)*C6) | E6: =IF(D6="","",NORM.S.DIST(D6,TRUE)) | F6: =IF(E6="","",IF(E6<='组合输入'!$K2,"AAA",IF(E6<='组合输入'!$L2,"AA",IF(E6<='组合输入'!$M2,"A",IF(E6<='组合输入'!$N2,"BBB",IF(E6<='组合输入'!$O2,"BB",IF(E6<='组合输入'!$P2,"B",IF(E6<='组合输入'!$Q2,"CCC","D"))))))) | G6: =IF(F6="","",INDEX('状态价值'!$D2:$K2,MATCH(F6,'状态价值'!$D$1:$K$1,0))) | H6: =NORM.S.INV(RAND()) | I6: =IF('组合输入'!$C3="","",'组合输入'!$H3*$B6+SQRT(1-'组合输入'!$H3^2)*H6) | J6: =IF(I6="","",NORM.S.DIST(I6,TRUE)) | K6: =IF(J6="","",IF(J6<='组合输入'!$K3,"AAA",IF(J6<='组合输入'!$L3,"AA",IF(J6<='组合输入'!$M3,"A",IF(J6<='组合输入'!$N3,"BBB",IF(J6<='组合输入'!$O3,"BB",IF(J6<='组合输入'!$P3,"B",IF(J6<='组合输入'!$Q3,"CCC","D"))))))) | L6: =IF(K6="","",INDEX('状态价值'!$D3:$K3,MATCH(K6,'状态价值'!$D$1:$K$1,0))) | M6: =NORM.S.INV(RAND()) | N6: =IF('组合输入'!$C4="","",'组合输入'!$H4*$B6+SQRT(1-'组合输入'!$H4^2)*M6) | O6: =IF(N6="","",NORM.S.DIST(N6,TRUE)) | P6: =IF(O6="","",IF(O6<='组合输入'!$K4,"AAA",IF(O6<='组合输入'!$L4,"AA",IF(O6<='组合输入'!$M4,"A",IF(O6<='组合输入'!$N4,"BBB",IF(O6<='组合输入'!$O4,"BB",IF(O6<='组合输入'!$P4,"B",IF(O6<='组合输入'!$Q4,"CCC","D"))))))) | Q6: =IF(P6="","",INDEX('状态价值'!$D4:$K4,MATCH(P6,'状态价值'!$D$1:$K$1,0))) | R6: =NORM.S.INV(RAND()) | S6: =IF('组合输入'!$C5="","",'组合输入'!$H5*$B6+SQRT(1-'组合输入'!$H5^2)*R6) | T6: =IF(S6="","",NORM.S.DIST(S6,TRUE)) | U6: =IF(T6="","",IF(T6<='组合输入'!$K5,"AAA",IF(T6<='组合输入'!$L5,"AA",IF(T6<='组合输入'!$M5,"A",IF(T6<='组合输入'!$N5,"BBB",IF(T6<='组合输入'!$O5,"BB",IF(T6<='组合输入'!$P5,"B",IF(T6<='组合输入'!$Q5,"CCC","D"))))))) | V6: =IF(U6="","",INDEX('状态价值'!$D5:$K5,MATCH(U6,'状态价值'!$D$1:$K$1,0))) | W6: =NORM.S.INV(RAND()) | X6: =IF('组合输入'!$C6="","",'组合输入'!$H6*$B6+SQRT(1-'组合输入'!$H6^2)*W6) | Y6: =IF(X6="","",NORM.S.DIST(X6,TRUE)) | Z6: =IF(Y6="","",IF(Y6<='组合输入'!$K6,"AAA",IF(Y6<='组合输入'!$L6,"AA",IF(Y6<='组合输入'!$M6,"A",IF(Y6<='组合输入'!$N6,"BBB",IF(Y6<='组合输入'!$O6,"BB",IF(Y6<='组合输入'!$P6,"B",IF(Y6<='组合输入'!$Q6,"CCC","D"))))))) | AA6: =IF(Z6="","",INDEX('状态价值'!$D6:$K6,MATCH(Z6,'状态价值'!$D$1:$K$1,0))) | AB6: =NORM.S.INV(RAND()) | AC6: =IF('组合输入'!$C7="","",'组合输入'!$H7*$B6+SQRT(1-'组合输入'!$H7^2)*AB6) | AD6: =IF(AC6="","",NORM.S.DIST(AC6,TRUE)) | AE6: =IF(AD6="","",IF(AD6<='组合输入'!$K7,"AAA",IF(AD6<='组合输入'!$L7,"AA",IF(AD6<='组合输入'!$M7,"A",IF(AD6<='组合输入'!$N7,"BBB",IF(AD6<='组合输入'!$O7,"BB",IF(AD6<='组合输入'!$P7,"B",IF(AD6<='组合输入'!$Q7,"CCC","D"))))))) | AF6: =IF(AE6="","",INDEX('状态价值'!$D7:$K7,MATCH(AE6,'状态价值'!$D$1:$K$1,0))) | AG6: =NORM.S.INV(RAND()) | AH6: =IF('组合输入'!$C8="","",'组合输入'!$H8*$B6+SQRT(1-'组合输入'!$H8^2)*AG6) | AI6: =IF(AH6="","",NORM.S.DIST(AH6,TRUE)) | AJ6: =IF(AI6="","",IF(AI6<='组合输入'!$K8,"AAA",IF(AI6<='组合输入'!$L8,"AA",IF(AI6<='组合输入'!$M8,"A",IF(AI6<='组合输入'!$N8,"BBB",IF(AI6<='组合输入'!$O8,"BB",IF(AI6<='组合输入'!$P8,"B",IF(AI6<='组合输入'!$Q8,"CCC","D"))))))) | AK6: =IF(AJ6="","",INDEX('状态价值'!$D8:$K8,MATCH(AJ6,'状态价值'!$D$1:$K$1,0))) | AL6: =NORM.S.INV(RAND()) | AM6: =IF('组合输入'!$C9="","",'组合输入'!$H9*$B6+SQRT(1-'组合输入'!$H9^2)*AL6) | AN6: =IF(AM6="","",NORM.S.DIST(AM6,TRUE)) | AO6: =IF(AN6="","",IF(AN6<='组合输入'!$K9,"AAA",IF(AN6<='组合输入'!$L9,"AA",IF(AN6<='组合输入'!$M9,"A",IF(AN6<='组合输入'!$N9,"BBB",IF(AN6<='组合输入'!$O9,"BB",IF(AN6<='组合输入'!$P9,"B",IF(AN6<='组合输入'!$Q9,"CCC","D"))))))) | AP6: =IF(AO6="","",INDEX('状态价值'!$D9:$K9,MATCH(AO6,'状态价值'!$D$1:$K$1,0))) | AQ6: =NORM.S.INV(RAND()) | AR6: =IF('组合输入'!$C10="","",'组合输入'!$H10*$B6+SQRT(1-'组合输入'!$H10^2)*AQ6) | AS6: =IF(AR6="","",NORM.S.DIST(AR6,TRUE)) | AT6: =IF(AS6="","",IF(AS6<='组合输入'!$K10,"AAA",IF(AS6<='组合输入'!$L10,"AA",IF(AS6<='组合输入'!$M10,"A",IF(AS6<='组合输入'!$N10,"BBB",IF(AS6<='组合输入'!$O10,"BB",IF(AS6<='组合输入'!$P10,"B",IF(AS6<='组合输入'!$Q10,"CCC","D"))))))) | AU6: =IF(AT6="","",INDEX('状态价值'!$D10:$K10,MATCH(AT6,'状态价值'!$D$1:$K$1,0))) | AV6: =NORM.S.INV(RAND()) | AW6: =IF('组合输入'!$C11="","",'组合输入'!$H11*$B6+SQRT(1-'组合输入'!$H11^2)*AV6) | AX6: =IF(AW6="","",NORM.S.DIST(AW6,TRUE)) | AY6: =IF(AX6="","",IF(AX6<='组合输入'!$K11,"AAA",IF(AX6<='组合输入'!$L11,"AA",IF(AX6<='组合输入'!$M11,"A",IF(AX6<='组合输入'!$N11,"BBB",IF(AX6<='组合输入'!$O11,"BB",IF(AX6<='组合输入'!$P11,"B",IF(AX6<='组合输入'!$Q11,"CCC","D"))))))) | AZ6: =IF(AY6="","",INDEX('状态价值'!$D11:$K11,MATCH(AY6,'状态价值'!$D$1:$K$1,0))) | BA6: =G6+L6+Q6+V6+AA6+AF6+AK6+AP6+AU6+AZ6 | BB6: =SUM('组合输入'!$J$2:$J$11)-BA6
A7: 6 | B7: =NORM.S.INV(RAND()) | C7: =NORM.S.INV(RAND()) | D7: =IF('组合输入'!$C2="","",'组合输入'!$H2*$B7+SQRT(1-'组合输入'!$H2^2)*C7) | E7: =IF(D7="","",NORM.S.DIST(D7,TRUE)) | F7: =IF(E7="","",IF(E7<='组合输入'!$K2,"AAA",IF(E7<='组合输入'!$L2,"AA",IF(E7<='组合输入'!$M2,"A",IF(E7<='组合输入'!$N2,"BBB",IF(E7<='组合输入'!$O2,"BB",IF(E7<='组合输入'!$P2,"B",IF(E7<='组合输入'!$Q2,"CCC","D"))))))) | G7: =IF(F7="","",INDEX('状态价值'!$D2:$K2,MATCH(F7,'状态价值'!$D$1:$K$1,0))) | H7: =NORM.S.INV(RAND()) | I7: =IF('组合输入'!$C3="","",'组合输入'!$H3*$B7+SQRT(1-'组合输入'!$H3^2)*H7) | J7: =IF(I7="","",NORM.S.DIST(I7,TRUE)) | K7: =IF(J7="","",IF(J7<='组合输入'!$K3,"AAA",IF(J7<='组合输入'!$L3,"AA",IF(J7<='组合输入'!$M3,"A",IF(J7<='组合输入'!$N3,"BBB",IF(J7<='组合输入'!$O3,"BB",IF(J7<='组合输入'!$P3,"B",IF(J7<='组合输入'!$Q3,"CCC","D"))))))) | L7: =IF(K7="","",INDEX('状态价值'!$D3:$K3,MATCH(K7,'状态价值'!$D$1:$K$1,0))) | M7: =NORM.S.INV(RAND()) | N7: =IF('组合输入'!$C4="","",'组合输入'!$H4*$B7+SQRT(1-'组合输入'!$H4^2)*M7) | O7: =IF(N7="","",NORM.S.DIST(N7,TRUE)) | P7: =IF(O7="","",IF(O7<='组合输入'!$K4,"AAA",IF(O7<='组合输入'!$L4,"AA",IF(O7<='组合输入'!$M4,"A",IF(O7<='组合输入'!$N4,"BBB",IF(O7<='组合输入'!$O4,"BB",IF(O7<='组合输入'!$P4,"B",IF(O7<='组合输入'!$Q4,"CCC","D"))))))) | Q7: =IF(P7="","",INDEX('状态价值'!$D4:$K4,MATCH(P7,'状态价值'!$D$1:$K$1,0))) | R7: =NORM.S.INV(RAND()) | S7: =IF('组合输入'!$C5="","",'组合输入'!$H5*$B7+SQRT(1-'组合输入'!$H5^2)*R7) | T7: =IF(S7="","",NORM.S.DIST(S7,TRUE)) | U7: =IF(T7="","",IF(T7<='组合输入'!$K5,"AAA",IF(T7<='组合输入'!$L5,"AA",IF(T7<='组合输入'!$M5,"A",IF(T7<='组合输入'!$N5,"BBB",IF(T7<='组合输入'!$O5,"BB",IF(T7<='组合输入'!$P5,"B",IF(T7<='组合输入'!$Q5,"CCC","D"))))))) | V7: =IF(U7="","",INDEX('状态价值'!$D5:$K5,MATCH(U7,'状态价值'!$D$1:$K$1,0))) | W7: =NORM.S.INV(RAND()) | X7: =IF('组合输入'!$C6="","",'组合输入'!$H6*$B7+SQRT(1-'组合输入'!$H6^2)*W7) | Y7: =IF(X7="","",NORM.S.DIST(X7,TRUE)) | Z7: =IF(Y7="","",IF(Y7<='组合输入'!$K6,"AAA",IF(Y7<='组合输入'!$L6,"AA",IF(Y7<='组合输入'!$M6,"A",IF(Y7<='组合输入'!$N6,"BBB",IF(Y7<='组合输入'!$O6,"BB",IF(Y7<='组合输入'!$P6,"B",IF(Y7<='组合输入'!$Q6,"CCC","D"))))))) | AA7: =IF(Z7="","",INDEX('状态价值'!$D6:$K6,MATCH(Z7,'状态价值'!$D$1:$K$1,0))) | AB7: =NORM.S.INV(RAND()) | AC7: =IF('组合输入'!$C7="","",'组合输入'!$H7*$B7+SQRT(1-'组合输入'!$H7^2)*AB7) | AD7: =IF(AC7="","",NORM.S.DIST(AC7,TRUE)) | AE7: =IF(AD7="","",IF(AD7<='组合输入'!$K7,"AAA",IF(AD7<='组合输入'!$L7,"AA",IF(AD7<='组合输入'!$M7,"A",IF(AD7<='组合输入'!$N7,"BBB",IF(AD7<='组合输入'!$O7,"BB",IF(AD7<='组合输入'!$P7,"B",IF(AD7<='组合输入'!$Q7,"CCC","D"))))))) | AF7: =IF(AE7="","",INDEX('状态价值'!$D7:$K7,MATCH(AE7,'状态价值'!$D$1:$K$1,0))) | AG7: =NORM.S.INV(RAND()) | AH7: =IF('组合输入'!$C8="","",'组合输入'!$H8*$B7+SQRT(1-'组合输入'!$H8^2)*AG7) | AI7: =IF(AH7="","",NORM.S.DIST(AH7,TRUE)) | AJ7: =IF(AI7="","",IF(AI7<='组合输入'!$K8,"AAA",IF(AI7<='组合输入'!$L8,"AA",IF(AI7<='组合输入'!$M8,"A",IF(AI7<='组合输入'!$N8,"BBB",IF(AI7<='组合输入'!$O8,"BB",IF(AI7<='组合输入'!$P8,"B",IF(AI7<='组合输入'!$Q8,"CCC","D"))))))) | AK7: =IF(AJ7="","",INDEX('状态价值'!$D8:$K8,MATCH(AJ7,'状态价值'!$D$1:$K$1,0))) | AL7: =NORM.S.INV(RAND()) | AM7: =IF('组合输入'!$C9="","",'组合输入'!$H9*$B7+SQRT(1-'组合输入'!$H9^2)*AL7) | AN7: =IF(AM7="","",NORM.S.DIST(AM7,TRUE)) | AO7: =IF(AN7="","",IF(AN7<='组合输入'!$K9,"AAA",IF(AN7<='组合输入'!$L9,"AA",IF(AN7<='组合输入'!$M9,"A",IF(AN7<='组合输入'!$N9,"BBB",IF(AN7<='组合输入'!$O9,"BB",IF(AN7<='组合输入'!$P9,"B",IF(AN7<='组合输入'!$Q9,"CCC","D"))))))) | AP7: =IF(AO7="","",INDEX('状态价值'!$D9:$K9,MATCH(AO7,'状态价值'!$D$1:$K$1,0))) | AQ7: =NORM.S.INV(RAND()) | AR7: =IF('组合输入'!$C10="","",'组合输入'!$H10*$B7+SQRT(1-'组合输入'!$H10^2)*AQ7) | AS7: =IF(AR7="","",NORM.S.DIST(AR7,TRUE)) | AT7: =IF(AS7="","",IF(AS7<='组合输入'!$K10,"AAA",IF(AS7<='组合输入'!$L10,"AA",IF(AS7<='组合输入'!$M10,"A",IF(AS7<='组合输入'!$N10,"BBB",IF(AS7<='组合输入'!$O10,"BB",IF(AS7<='组合输入'!$P10,"B",IF(AS7<='组合输入'!$Q10,"CCC","D"))))))) | AU7: =IF(AT7="","",INDEX('状态价值'!$D10:$K10,MATCH(AT7,'状态价值'!$D$1:$K$1,0))) | AV7: =NORM.S.INV(RAND()) | AW7: =IF('组合输入'!$C11="","",'组合输入'!$H11*$B7+SQRT(1-'组合输入'!$H11^2)*AV7) | AX7: =IF(AW7="","",NORM.S.DIST(AW7,TRUE)) | AY7: =IF(AX7="","",IF(AX7<='组合输入'!$K11,"AAA",IF(AX7<='组合输入'!$L11,"AA",IF(AX7<='组合输入'!$M11,"A",IF(AX7<='组合输入'!$N11,"BBB",IF(AX7<='组合输入'!$O11,"BB",IF(AX7<='组合输入'!$P11,"B",IF(AX7<='组合输入'!$Q11,"CCC","D"))))))) | AZ7: =IF(AY7="","",INDEX('状态价值'!$D11:$K11,MATCH(AY7,'状态价值'!$D$1:$K$1,0))) | BA7: =G7+L7+Q7+V7+AA7+AF7+AK7+AP7+AU7+AZ7 | BB7: =SUM('组合输入'!$J$2:$J$11)-BA7
A8: 7 | B8: =NORM.S.INV(RAND()) | C8: =NORM.S.INV(RAND()) | D8: =IF('组合输入'!$C2="","",'组合输入'!$H2*$B8+SQRT(1-'组合输入'!$H2^2)*C8) | E8: =IF(D8="","",NORM.S.DIST(D8,TRUE)) | F8: =IF(E8="","",IF(E8<='组合输入'!$K2,"AAA",IF(E8<='组合输入'!$L2,"AA",IF(E8<='组合输入'!$M2,"A",IF(E8<='组合输入'!$N2,"BBB",IF(E8<='组合输入'!$O2,"BB",IF(E8<='组合输入'!$P2,"B",IF(E8<='组合输入'!$Q2,"CCC","D"))))))) | G8: =IF(F8="","",INDEX('状态价值'!$D2:$K2,MATCH(F8,'状态价值'!$D$1:$K$1,0))) | H8: =NORM.S.INV(RAND()) | I8: =IF('组合输入'!$C3="","",'组合输入'!$H3*$B8+SQRT(1-'组合输入'!$H3^2)*H8) | J8: =IF(I8="","",NORM.S.DIST(I8,TRUE)) | K8: =IF(J8="","",IF(J8<='组合输入'!$K3,"AAA",IF(J8<='组合输入'!$L3,"AA",IF(J8<='组合输入'!$M3,"A",IF(J8<='组合输入'!$N3,"BBB",IF(J8<='组合输入'!$O3,"BB",IF(J8<='组合输入'!$P3,"B",IF(J8<='组合输入'!$Q3,"CCC","D"))))))) | L8: =IF(K8="","",INDEX('状态价值'!$D3:$K3,MATCH(K8,'状态价值'!$D$1:$K$1,0))) | M8: =NORM.S.INV(RAND()) | N8: =IF('组合输入'!$C4="","",'组合输入'!$H4*$B8+SQRT(1-'组合输入'!$H4^2)*M8) | O8: =IF(N8="","",NORM.S.DIST(N8,TRUE)) | P8: =IF(O8="","",IF(O8<='组合输入'!$K4,"AAA",IF(O8<='组合输入'!$L4,"AA",IF(O8<='组合输入'!$M4,"A",IF(O8<='组合输入'!$N4,"BBB",IF(O8<='组合输入'!$O4,"BB",IF(O8<='组合输入'!$P4,"B",IF(O8<='组合输入'!$Q4,"CCC","D"))))))) | Q8: =IF(P8="","",INDEX('状态价值'!$D4:$K4,MATCH(P8,'状态价值'!$D$1:$K$1,0))) | R8: =NORM.S.INV(RAND()) | S8: =IF('组合输入'!$C5="","",'组合输入'!$H5*$B8+SQRT(1-'组合输入'!$H5^2)*R8) | T8: =IF(S8="","",NORM.S.DIST(S8,TRUE)) | U8: =IF(T8="","",IF(T8<='组合输入'!$K5,"AAA",IF(T8<='组合输入'!$L5,"AA",IF(T8<='组合输入'!$M5,"A",IF(T8<='组合输入'!$N5,"BBB",IF(T8<='组合输入'!$O5,"BB",IF(T8<='组合输入'!$P5,"B",IF(T8<='组合输入'!$Q5,"CCC","D"))))))) | V8: =IF(U8="","",INDEX('状态价值'!$D5:$K5,MATCH(U8,'状态价值'!$D$1:$K$1,0))) | W8: =NORM.S.INV(RAND()) | X8: =IF('组合输入'!$C6="","",'组合输入'!$H6*$B8+SQRT(1-'组合输入'!$H6^2)*W8) | Y8: =IF(X8="","",NORM.S.DIST(X8,TRUE)) | Z8: =IF(Y8="","",IF(Y8<='组合输入'!$K6,"AAA",IF(Y8<='组合输入'!$L6,"AA",IF(Y8<='组合输入'!$M6,"A",IF(Y8<='组合输入'!$N6,"BBB",IF(Y8<='组合输入'!$O6,"BB",IF(Y8<='组合输入'!$P6,"B",IF(Y8<='组合输入'!$Q6,"CCC","D"))))))) | AA8: =IF(Z8="","",INDEX('状态价值'!$D6:$K6,MATCH(Z8,'状态价值'!$D$1:$K$1,0))) | AB8: =NORM.S.INV(RAND()) | AC8: =IF('组合输入'!$C7="","",'组合输入'!$H7*$B8+SQRT(1-'组合输入'!$H7^2)*AB8) | AD8: =IF(AC8="","",NORM.S.DIST(AC8,TRUE)) | AE8: =IF(AD8="","",IF(AD8<='组合输入'!$K7,"AAA",IF(AD8<='组合输入'!$L7,"AA",IF(AD8<='组合输入'!$M7,"A",IF(AD8<='组合输入'!$N7,"BBB",IF(AD8<='组合输入'!$O7,"BB",IF(AD8<='组合输入'!$P7,"B",IF(AD8<='组合输入'!$Q7,"CCC","D"))))))) | AF8: =IF(AE8="","",INDEX('状态价值'!$D7:$K7,MATCH(AE8,'状态价值'!$D$1:$K$1,0))) | AG8: =NORM.S.INV(RAND()) | AH8: =IF('组合输入'!$C8="","",'组合输入'!$H8*$B8+SQRT(1-'组合输入'!$H8^2)*AG8) | AI8: =IF(AH8="","",NORM.S.DIST(AH8,TRUE)) | AJ8: =IF(AI8="","",IF(AI8<='组合输入'!$K8,"AAA",IF(AI8<='组合输入'!$L8,"AA",IF(AI8<='组合输入'!$M8,"A",IF(AI8<='组合输入'!$N8,"BBB",IF(AI8<='组合输入'!$O8,"BB",IF(AI8<='组合输入'!$P8,"B",IF(AI8<='组合输入'!$Q8,"CCC","D"))))))) | AK8: =IF(AJ8="","",INDEX('状态价值'!$D8:$K8,MATCH(AJ8,'状态价值'!$D$1:$K$1,0))) | AL8: =NORM.S.INV(RAND()) | AM8: =IF('组合输入'!$C9="","",'组合输入'!$H9*$B8+SQRT(1-'组合输入'!$H9^2)*AL8) | AN8: =IF(AM8="","",NORM.S.DIST(AM8,TRUE)) | AO8: =IF(AN8="","",IF(AN8<='组合输入'!$K9,"AAA",IF(AN8<='组合输入'!$L9,"AA",IF(AN8<='组合输入'!$M9,"A",IF(AN8<='组合输入'!$N9,"BBB",IF(AN8<='组合输入'!$O9,"BB",IF(AN8<='组合输入'!$P9,"B",IF(AN8<='组合输入'!$Q9,"CCC","D"))))))) | AP8: =IF(AO8="","",INDEX('状态价值'!$D9:$K9,MATCH(AO8,'状态价值'!$D$1:$K$1,0))) | AQ8: =NORM.S.INV(RAND()) | AR8: =IF('组合输入'!$C10="","",'组合输入'!$H10*$B8+SQRT(1-'组合输入'!$H10^2)*AQ8) | AS8: =IF(AR8="","",NORM.S.DIST(AR8,TRUE)) | AT8: =IF(AS8="","",IF(AS8<='组合输入'!$K10,"AAA",IF(AS8<='组合输入'!$L10,"AA",IF(AS8<='组合输入'!$M10,"A",IF(AS8<='组合输入'!$N10,"BBB",IF(AS8<='组合输入'!$O10,"BB",IF(AS8<='组合输入'!$P10,"B",IF(AS8<='组合输入'!$Q10,"CCC","D"))))))) | AU8: =IF(AT8="","",INDEX('状态价值'!$D10:$K10,MATCH(AT8,'状态价值'!$D$1:$K$1,0))) | AV8: =NORM.S.INV(RAND()) | AW8: =IF('组合输入'!$C11="","",'组合输入'!$H11*$B8+SQRT(1-'组合输入'!$H11^2)*AV8) | AX8: =IF(AW8="","",NORM.S.DIST(AW8,TRUE)) | AY8: =IF(AX8="","",IF(AX8<='组合输入'!$K11,"AAA",IF(AX8<='组合输入'!$L11,"AA",IF(AX8<='组合输入'!$M11,"A",IF(AX8<='组合输入'!$N11,"BBB",IF(AX8<='组合输入'!$O11,"BB",IF(AX8<='组合输入'!$P11,"B",IF(AX8<='组合输入'!$Q11,"CCC","D"))))))) | AZ8: =IF(AY8="","",INDEX('状态价值'!$D11:$K11,MATCH(AY8,'状态价值'!$D$1:$K$1,0))) | BA8: =G8+L8+Q8+V8+AA8+AF8+AK8+AP8+AU8+AZ8 | BB8: =SUM('组合输入'!$J$2:$J$11)-BA8
A9: 8 | B9: =NORM.S.INV(RAND()) | C9: =NORM.S.INV(RAND()) | D9: =IF('组合输入'!$C2="","",'组合输入'!$H2*$B9+SQRT(1-'组合输入'!$H2^2)*C9) | E9: =IF(D9="","",NORM.S.DIST(D9,TRUE)) | F9: =IF(E9="","",IF(E9<='组合输入'!$K2,"AAA",IF(E9<='组合输入'!$L2,"AA",IF(E9<='组合输入'!$M2,"A",IF(E9<='组合输入'!$N2,"BBB",IF(E9<='组合输入'!$O2,"BB",IF(E9<='组合输入'!$P2,"B",IF(E9<='组合输入'!$Q2,"CCC","D"))))))) | G9: =IF(F9="","",INDEX('状态价值'!$D2:$K2,MATCH(F9,'状态价值'!$D$1:$K$1,0))) | H9: =NORM.S.INV(RAND()) | I9: =IF('组合输入'!$C3="","",'组合输入'!$H3*$B9+SQRT(1-'组合输入'!$H3^2)*H9) | J9: =IF(I9="","",NORM.S.DIST(I9,TRUE)) | K9: =IF(J9="","",IF(J9<='组合输入'!$K3,"AAA",IF(J9<='组合输入'!$L3,"AA",IF(J9<='组合输入'!$M3,"A",IF(J9<='组合输入'!$N3,"BBB",IF(J9<='组合输入'!$O3,"BB",IF(J9<='组合输入'!$P3,"B",IF(J9<='组合输入'!$Q3,"CCC","D"))))))) | L9: =IF(K9="","",INDEX('状态价值'!$D3:$K3,MATCH(K9,'状态价值'!$D$1:$K$1,0))) | M9: =NORM.S.INV(RAND()) | N9: =IF('组合输入'!$C4="","",'组合输入'!$H4*$B9+SQRT(1-'组合输入'!$H4^2)*M9) | O9: =IF(N9="","",NORM.S.DIST(N9,TRUE)) | P9: =IF(O9="","",IF(O9<='组合输入'!$K4,"AAA",IF(O9<='组合输入'!$L4,"AA",IF(O9<='组合输入'!$M4,"A",IF(O9<='组合输入'!$N4,"BBB",IF(O9<='组合输入'!$O4,"BB",IF(O9<='组合输入'!$P4,"B",IF(O9<='组合输入'!$Q4,"CCC","D"))))))) | Q9: =IF(P9="","",INDEX('状态价值'!$D4:$K4,MATCH(P9,'状态价值'!$D$1:$K$1,0))) | R9: =NORM.S.INV(RAND()) | S9: =IF('组合输入'!$C5="","",'组合输入'!$H5*$B9+SQRT(1-'组合输入'!$H5^2)*R9) | T9: =IF(S9="","",NORM.S.DIST(S9,TRUE)) | U9: =IF(T9="","",IF(T9<='组合输入'!$K5,"AAA",IF(T9<='组合输入'!$L5,"AA",IF(T9<='组合输入'!$M5,"A",IF(T9<='组合输入'!$N5,"BBB",IF(T9<='组合输入'!$O5,"BB",IF(T9<='组合输入'!$P5,"B",IF(T9<='组合输入'!$Q5,"CCC","D"))))))) | V9: =IF(U9="","",INDEX('状态价值'!$D5:$K5,MATCH(U9,'状态价值'!$D$1:$K$1,0))) | W9: =NORM.S.INV(RAND()) | X9: =IF('组合输入'!$C6="","",'组合输入'!$H6*$B9+SQRT(1-'组合输入'!$H6^2)*W9) | Y9: =IF(X9="","",NORM.S.DIST(X9,TRUE)) | Z9: =IF(Y9="","",IF(Y9<='组合输入'!$K6,"AAA",IF(Y9<='组合输入'!$L6,"AA",IF(Y9<='组合输入'!$M6,"A",IF(Y9<='组合输入'!$N6,"BBB",IF(Y9<='组合输入'!$O6,"BB",IF(Y9<='组合输入'!$P6,"B",IF(Y9<='组合输入'!$Q6,"CCC","D"))))))) | AA9: =IF(Z9="","",INDEX('状态价值'!$D6:$K6,MATCH(Z9,'状态价值'!$D$1:$K$1,0))) | AB9: =NORM.S.INV(RAND()) | AC9: =IF('组合输入'!$C7="","",'组合输入'!$H7*$B9+SQRT(1-'组合输入'!$H7^2)*AB9) | AD9: =IF(AC9="","",NORM.S.DIST(AC9,TRUE)) | AE9: =IF(AD9="","",IF(AD9<='组合输入'!$K7,"AAA",IF(AD9<='组合输入'!$L7,"AA",IF(AD9<='组合输入'!$M7,"A",IF(AD9<='组合输入'!$N7,"BBB",IF(AD9<='组合输入'!$O7,"BB",IF(AD9<='组合输入'!$P7,"B",IF(AD9<='组合输入'!$Q7,"CCC","D"))))))) | AF9: =IF(AE9="","",INDEX('状态价值'!$D7:$K7,MATCH(AE9,'状态价值'!$D$1:$K$1,0))) | AG9: =NORM.S.INV(RAND()) | AH9: =IF('组合输入'!$C8="","",'组合输入'!$H8*$B9+SQRT(1-'组合输入'!$H8^2)*AG9) | AI9: =IF(AH9="","",NORM.S.DIST(AH9,TRUE)) | AJ9: =IF(AI9="","",IF(AI9<='组合输入'!$K8,"AAA",IF(AI9<='组合输入'!$L8,"AA",IF(AI9<='组合输入'!$M8,"A",IF(AI9<='组合输入'!$N8,"BBB",IF(AI9<='组合输入'!$O8,"BB",IF(AI9<='组合输入'!$P8,"B",IF(AI9<='组合输入'!$Q8,"CCC","D"))))))) | AK9: =IF(AJ9="","",INDEX('状态价值'!$D8:$K8,MATCH(AJ9,'状态价值'!$D$1:$K$1,0))) | AL9: =NORM.S.INV(RAND()) | AM9: =IF('组合输入'!$C9="","",'组合输入'!$H9*$B9+SQRT(1-'组合输入'!$H9^2)*AL9) | AN9: =IF(AM9="","",NORM.S.DIST(AM9,TRUE)) | AO9: =IF(AN9="","",IF(AN9<='组合输入'!$K9,"AAA",IF(AN9<='组合输入'!$L9,"AA",IF(AN9<='组合输入'!$M9,"A",IF(AN9<='组合输入'!$N9,"BBB",IF(AN9<='组合输入'!$O9,"BB",IF(AN9<='组合输入'!$P9,"B",IF(AN9<='组合输入'!$Q9,"CCC","D"))))))) | AP9: =IF(AO9="","",INDEX('状态价值'!$D9:$K9,MATCH(AO9,'状态价值'!$D$1:$K$1,0))) | AQ9: =NORM.S.INV(RAND()) | AR9: =IF('组合输入'!$C10="","",'组合输入'!$H10*$B9+SQRT(1-'组合输入'!$H10^2)*AQ9) | AS9: =IF(AR9="","",NORM.S.DIST(AR9,TRUE)) | AT9: =IF(AS9="","",IF(AS9<='组合输入'!$K10,"AAA",IF(AS9<='组合输入'!$L10,"AA",IF(AS9<='组合输入'!$M10,"A",IF(AS9<='组合输入'!$N10,"BBB",IF(AS9<='组合输入'!$O10,"BB",IF(AS9<='组合输入'!$P10,"B",IF(AS9<='组合输入'!$Q10,"CCC","D"))))))) | AU9: =IF(AT9="","",INDEX('状态价值'!$D10:$K10,MATCH(AT9,'状态价值'!$D$1:$K$1,0))) | AV9: =NORM.S.INV(RAND()) | AW9: =IF('组合输入'!$C11="","",'组合输入'!$H11*$B9+SQRT(1-'组合输入'!$H11^2)*AV9) | AX9: =IF(AW9="","",NORM.S.DIST(AW9,TRUE)) | AY9: =IF(AX9="","",IF(AX9<='组合输入'!$K11,"AAA",IF(AX9<='组合输入'!$L11,"AA",IF(AX9<='组合输入'!$M11,"A",IF(AX9<='组合输入'!$N11,"BBB",IF(AX9<='组合输入'!$O11,"BB",IF(AX9<='组合输入'!$P11,"B",IF(AX9<='组合输入'!$Q11,"CCC","D"))))))) | AZ9: =IF(AY9="","",INDEX('状态价值'!$D11:$K11,MATCH(AY9,'状态价值'!$D$1:$K$1,0))) | BA9: =G9+L9+Q9+V9+AA9+AF9+AK9+AP9+AU9+AZ9 | BB9: =SUM('组合输入'!$J$2:$J$11)-BA9
A10: 9 | B10: =NORM.S.INV(RAND()) | C10: =NORM.S.INV(RAND()) | D10: =IF('组合输入'!$C2="","",'组合输入'!$H2*$B10+SQRT(1-'组合输入'!$H2^2)*C10) | E10: =IF(D10="","",NORM.S.DIST(D10,TRUE)) | F10: =IF(E10="","",IF(E10<='组合输入'!$K2,"AAA",IF(E10<='组合输入'!$L2,"AA",IF(E10<='组合输入'!$M2,"A",IF(E10<='组合输入'!$N2,"BBB",IF(E10<='组合输入'!$O2,"BB",IF(E10<='组合输入'!$P2,"B",IF(E10<='组合输入'!$Q2,"CCC","D"))))))) | G10: =IF(F10="","",INDEX('状态价值'!$D2:$K2,MATCH(F10,'状态价值'!$D$1:$K$1,0))) | H10: =NORM.S.INV(RAND()) | I10: =IF('组合输入'!$C3="","",'组合输入'!$H3*$B10+SQRT(1-'组合输入'!$H3^2)*H10) | J10: =IF(I10="","",NORM.S.DIST(I10,TRUE)) | K10: =IF(J10="","",IF(J10<='组合输入'!$K3,"AAA",IF(J10<='组合输入'!$L3,"AA",IF(J10<='组合输入'!$M3,"A",IF(J10<='组合输入'!$N3,"BBB",IF(J10<='组合输入'!$O3,"BB",IF(J10<='组合输入'!$P3,"B",IF(J10<='组合输入'!$Q3,"CCC","D"))))))) | L10: =IF(K10="","",INDEX('状态价值'!$D3:$K3,MATCH(K10,'状态价值'!$D$1:$K$1,0))) | M10: =NORM.S.INV(RAND()) | N10: =IF('组合输入'!$C4="","",'组合输入'!$H4*$B10+SQRT(1-'组合输入'!$H4^2)*M10) | O10: =IF(N10="","",NORM.S.DIST(N10,TRUE)) | P10: =IF(O10="","",IF(O10<='组合输入'!$K4,"AAA",IF(O10<='组合输入'!$L4,"AA",IF(O10<='组合输入'!$M4,"A",IF(O10<='组合输入'!$N4,"BBB",IF(O10<='组合输入'!$O4,"BB",IF(O10<='组合输入'!$P4,"B",IF(O10<='组合输入'!$Q4,"CCC","D"))))))) | Q10: =IF(P10="","",INDEX('状态价值'!$D4:$K4,MATCH(P10,'状态价值'!$D$1:$K$1,0))) | R10: =NORM.S.INV(RAND()) | S10: =IF('组合输入'!$C5="","",'组合输入'!$H5*$B10+SQRT(1-'组合输入'!$H5^2)*R10) | T10: =IF(S10="","",NORM.S.DIST(S10,TRUE)) | U10: =IF(T10="","",IF(T10<='组合输入'!$K5,"AAA",IF(T10<='组合输入'!$L5,"AA",IF(T10<='组合输入'!$M5,"A",IF(T10<='组合输入'!$N5,"BBB",IF(T10<='组合输入'!$O5,"BB",IF(T10<='组合输入'!$P5,"B",IF(T10<='组合输入'!$Q5,"CCC","D"))))))) | V10: =IF(U10="","",INDEX('状态价值'!$D5:$K5,MATCH(U10,'状态价值'!$D$1:$K$1,0))) | W10: =NORM.S.INV(RAND()) | X10: =IF('组合输入'!$C6="","",'组合输入'!$H6*$B10+SQRT(1-'组合输入'!$H6^2)*W10) | Y10: =IF(X10="","",NORM.S.DIST(X10,TRUE)) | Z10: =IF(Y10="","",IF(Y10<='组合输入'!$K6,"AAA",IF(Y10<='组合输入'!$L6,"AA",IF(Y10<='组合输入'!$M6,"A",IF(Y10<='组合输入'!$N6,"BBB",IF(Y10<='组合输入'!$O6,"BB",IF(Y10<='组合输入'!$P6,"B",IF(Y10<='组合输入'!$Q6,"CCC","D"))))))) | AA10: =IF(Z10="","",INDEX('状态价值'!$D6:$K6,MATCH(Z10,'状态价值'!$D$1:$K$1,0))) | AB10: =NORM.S.INV(RAND()) | AC10: =IF('组合输入'!$C7="","",'组合输入'!$H7*$B10+SQRT(1-'组合输入'!$H7^2)*AB10) | AD10: =IF(AC10="","",NORM.S.DIST(AC10,TRUE)) | AE10: =IF(AD10="","",IF(AD10<='组合输入'!$K7,"AAA",IF(AD10<='组合输入'!$L7,"AA",IF(AD10<='组合输入'!$M7,"A",IF(AD10<='组合输入'!$N7,"BBB",IF(AD10<='组合输入'!$O7,"BB",IF(AD10<='组合输入'!$P7,"B",IF(AD10<='组合输入'!$Q7,"CCC","D"))))))) | AF10: =IF(AE10="","",INDEX('状态价值'!$D7:$K7,MATCH(AE10,'状态价值'!$D$1:$K$1,0))) | AG10: =NORM.S.INV(RAND()) | AH10: =IF('组合输入'!$C8="","",'组合输入'!$H8*$B10+SQRT(1-'组合输入'!$H8^2)*AG10) | AI10: =IF(AH10="","",NORM.S.DIST(AH10,TRUE)) | AJ10: =IF(AI10="","",IF(AI10<='组合输入'!$K8,"AAA",IF(AI10<='组合输入'!$L8,"AA",IF(AI10<='组合输入'!$M8,"A",IF(AI10<='组合输入'!$N8,"BBB",IF(AI10<='组合输入'!$O8,"BB",IF(AI10<='组合输入'!$P8,"B",IF(AI10<='组合输入'!$Q8,"CCC","D"))))))) | AK10: =IF(AJ10="","",INDEX('状态价值'!$D8:$K8,MATCH(AJ10,'状态价值'!$D$1:$K$1,0))) | AL10: =NORM.S.INV(RAND()) | AM10: =IF('组合输入'!$C9="","",'组合输入'!$H9*$B10+SQRT(1-'组合输入'!$H9^2)*AL10) | AN10: =IF(AM10="","",NORM.S.DIST(AM10,TRUE)) | AO10: =IF(AN10="","",IF(AN10<='组合输入'!$K9,"AAA",IF(AN10<='组合输入'!$L9,"AA",IF(AN10<='组合输入'!$M9,"A",IF(AN10<='组合输入'!$N9,"BBB",IF(AN10<='组合输入'!$O9,"BB",IF(AN10<='组合输入'!$P9,"B",IF(AN10<='组合输入'!$Q9,"CCC","D"))))))) | AP10: =IF(AO10="","",INDEX('状态价值'!$D9:$K9,MATCH(AO10,'状态价值'!$D$1:$K$1,0))) | AQ10: =NORM.S.INV(RAND()) | AR10: =IF('组合输入'!$C10="","",'组合输入'!$H10*$B10+SQRT(1-'组合输入'!$H10^2)*AQ10) | AS10: =IF(AR10="","",NORM.S.DIST(AR10,TRUE)) | AT10: =IF(AS10="","",IF(AS10<='组合输入'!$K10,"AAA",IF(AS10<='组合输入'!$L10,"AA",IF(AS10<='组合输入'!$M10,"A",IF(AS10<='组合输入'!$N10,"BBB",IF(AS10<='组合输入'!$O10,"BB",IF(AS10<='组合输入'!$P10,"B",IF(AS10<='组合输入'!$Q10,"CCC","D"))))))) | AU10: =IF(AT10="","",INDEX('状态价值'!$D10:$K10,MATCH(AT10,'状态价值'!$D$1:$K$1,0))) | AV10: =NORM.S.INV(RAND()) | AW10: =IF('组合输入'!$C11="","",'组合输入'!$H11*$B10+SQRT(1-'组合输入'!$H11^2)*AV10) | AX10: =IF(AW10="","",NORM.S.DIST(AW10,TRUE)) | AY10: =IF(AX10="","",IF(AX10<='组合输入'!$K11,"AAA",IF(AX10<='组合输入'!$L11,"AA",IF(AX10<='组合输入'!$M11,"A",IF(AX10<='组合输入'!$N11,"BBB",IF(AX10<='组合输入'!$O11,"BB",IF(AX10<='组合输入'!$P11,"B",IF(AX10<='组合输入'!$Q11,"CCC","D"))))))) | AZ10: =IF(AY10="","",INDEX('状态价值'!$D11:$K11,MATCH(AY10,'状态价值'!$D$1:$K$1,0))) | BA10: =G10+L10+Q10+V10+AA10+AF10+AK10+AP10+AU10+AZ10 | BB10: =SUM('组合输入'!$J$2:$J$11)-BA10
A11: 10 | B11: =NORM.S.INV(RAND()) | C11: =NORM.S.INV(RAND()) | D11: =IF('组合输入'!$C2="","",'组合输入'!$H2*$B11+SQRT(1-'组合输入'!$H2^2)*C11) | E11: =IF(D11="","",NORM.S.DIST(D11,TRUE)) | F11: =IF(E11="","",IF(E11<='组合输入'!$K2,"AAA",IF(E11<='组合输入'!$L2,"AA",IF(E11<='组合输入'!$M2,"A",IF(E11<='组合输入'!$N2,"BBB",IF(E11<='组合输入'!$O2,"BB",IF(E11<='组合输入'!$P2,"B",IF(E11<='组合输入'!$Q2,"CCC","D"))))))) | G11: =IF(F11="","",INDEX('状态价值'!$D2:$K2,MATCH(F11,'状态价值'!$D$1:$K$1,0))) | H11: =NORM.S.INV(RAND()) | I11: =IF('组合输入'!$C3="","",'组合输入'!$H3*$B11+SQRT(1-'组合输入'!$H3^2)*H11) | J11: =IF(I11="","",NORM.S.DIST(I11,TRUE)) | K11: =IF(J11="","",IF(J11<='组合输入'!$K3,"AAA",IF(J11<='组合输入'!$L3,"AA",IF(J11<='组合输入'!$M3,"A",IF(J11<='组合输入'!$N3,"BBB",IF(J11<='组合输入'!$O3,"BB",IF(J11<='组合输入'!$P3,"B",IF(J11<='组合输入'!$Q3,"CCC","D"))))))) | L11: =IF(K11="","",INDEX('状态价值'!$D3:$K3,MATCH(K11,'状态价值'!$D$1:$K$1,0))) | M11: =NORM.S.INV(RAND()) | N11: =IF('组合输入'!$C4="","",'组合输入'!$H4*$B11+SQRT(1-'组合输入'!$H4^2)*M11) | O11: =IF(N11="","",NORM.S.DIST(N11,TRUE)) | P11: =IF(O11="","",IF(O11<='组合输入'!$K4,"AAA",IF(O11<='组合输入'!$L4,"AA",IF(O11<='组合输入'!$M4,"A",IF(O11<='组合输入'!$N4,"BBB",IF(O11<='组合输入'!$O4,"BB",IF(O11<='组合输入'!$P4,"B",IF(O11<='组合输入'!$Q4,"CCC","D"))))))) | Q11: =IF(P11="","",INDEX('状态价值'!$D4:$K4,MATCH(P11,'状态价值'!$D$1:$K$1,0))) | R11: =NORM.S.INV(RAND()) | S11: =IF('组合输入'!$C5="","",'组合输入'!$H5*$B11+SQRT(1-'组合输入'!$H5^2)*R11) | T11: =IF(S11="","",NORM.S.DIST(S11,TRUE)) | U11: =IF(T11="","",IF(T11<='组合输入'!$K5,"AAA",IF(T11<='组合输入'!$L5,"AA",IF(T11<='组合输入'!$M5,"A",IF(T11<='组合输入'!$N5,"BBB",IF(T11<='组合输入'!$O5,"BB",IF(T11<='组合输入'!$P5,"B",IF(T11<='组合输入'!$Q5,"CCC","D"))))))) | V11: =IF(U11="","",INDEX('状态价值'!$D5:$K5,MATCH(U11,'状态价值'!$D$1:$K$1,0))) | W11: =NORM.S.INV(RAND()) | X11: =IF('组合输入'!$C6="","",'组合输入'!$H6*$B11+SQRT(1-'组合输入'!$H6^2)*W11) | Y11: =IF(X11="","",NORM.S.DIST(X11,TRUE)) | Z11: =IF(Y11="","",IF(Y11<='组合输入'!$K6,"AAA",IF(Y11<='组合输入'!$L6,"AA",IF(Y11<='组合输入'!$M6,"A",IF(Y11<='组合输入'!$N6,"BBB",IF(Y11<='组合输入'!$O6,"BB",IF(Y11<='组合输入'!$P6,"B",IF(Y11<='组合输入'!$Q6,"CCC","D"))))))) | AA11: =IF(Z11="","",INDEX('状态价值'!$D6:$K6,MATCH(Z11,'状态价值'!$D$1:$K$1,0))) | AB11: =NORM.S.INV(RAND()) | AC11: =IF('组合输入'!$C7="","",'组合输入'!$H7*$B11+SQRT(1-'组合输入'!$H7^2)*AB11) | AD11: =IF(AC11="","",NORM.S.DIST(AC11,TRUE)) | AE11: =IF(AD11="","",IF(AD11<='组合输入'!$K7,"AAA",IF(AD11<='组合输入'!$L7,"AA",IF(AD11<='组合输入'!$M7,"A",IF(AD11<='组合输入'!$N7,"BBB",IF(AD11<='组合输入'!$O7,"BB",IF(AD11<='组合输入'!$P7,"B",IF(AD11<='组合输入'!$Q7,"CCC","D"))))))) | AF11: =IF(AE11="","",INDEX('状态价值'!$D7:$K7,MATCH(AE11,'状态价值'!$D$1:$K$1,0))) | AG11: =NORM.S.INV(RAND()) | AH11: =IF('组合输入'!$C8="","",'组合输入'!$H8*$B11+SQRT(1-'组合输入'!$H8^2)*AG11) | AI11: =IF(AH11="","",NORM.S.DIST(AH11,TRUE)) | AJ11: =IF(AI11="","",IF(AI11<='组合输入'!$K8,"AAA",IF(AI11<='组合输入'!$L8,"AA",IF(AI11<='组合输入'!$M8,"A",IF(AI11<='组合输入'!$N8,"BBB",IF(AI11<='组合输入'!$O8,"BB",IF(AI11<='组合输入'!$P8,"B",IF(AI11<='组合输入'!$Q8,"CCC","D"))))))) | AK11: =IF(AJ11="","",INDEX('状态价值'!$D8:$K8,MATCH(AJ11,'状态价值'!$D$1:$K$1,0))) | AL11: =NORM.S.INV(RAND()) | AM11: =IF('组合输入'!$C9="","",'组合输入'!$H9*$B11+SQRT(1-'组合输入'!$H9^2)*AL11) | AN11: =IF(AM11="","",NORM.S.DIST(AM11,TRUE)) | AO11: =IF(AN11="","",IF(AN11<='组合输入'!$K9,"AAA",IF(AN11<='组合输入'!$L9,"AA",IF(AN11<='组合输入'!$M9,"A",IF(AN11<='组合输入'!$N9,"BBB",IF(AN11<='组合输入'!$O9,"BB",IF(AN11<='组合输入'!$P9,"B",IF(AN11<='组合输入'!$Q9,"CCC","D"))))))) | AP11: =IF(AO11="","",INDEX('状态价值'!$D9:$K9,MATCH(AO11,'状态价值'!$D$1:$K$1,0))) | AQ11: =NORM.S.INV(RAND()) | AR11: =IF('组合输入'!$C10="","",'组合输入'!$H10*$B11+SQRT(1-'组合输入'!$H10^2)*AQ11) | AS11: =IF(AR11="","",NORM.S.DIST(AR11,TRUE)) | AT11: =IF(AS11="","",IF(AS11<='组合输入'!$K10,"AAA",IF(AS11<='组合输入'!$L10,"AA",IF(AS11<='组合输入'!$M10,"A",IF(AS11<='组合输入'!$N10,"BBB",IF(AS11<='组合输入'!$O10,"BB",IF(AS11<='组合输入'!$P10,"B",IF(AS11<='组合输入'!$Q10,"CCC","D"))))))) | AU11: =IF(AT11="","",INDEX('状态价值'!$D10:$K10,MATCH(AT11,'状态价值'!$D$1:$K$1,0))) | AV11: =NORM.S.INV(RAND()) | AW11: =IF('组合输入'!$C11="","",'组合输入'!$H11*$B11+SQRT(1-'组合输入'!$H11^2)*AV11) | AX11: =IF(AW11="","",NORM.S.DIST(AW11,TRUE)) | AY11: =IF(AX11="","",IF(AX11<='组合输入'!$K11,"AAA",IF(AX11<='组合输入'!$L11,"AA",IF(AX11<='组合输入'!$M11,"A",IF(AX11<='组合输入'!$N11,"BBB",IF(AX11<='组合输入'!$O11,"BB",IF(AX11<='组合输入'!$P11,"B",IF(AX11<='组合输入'!$Q11,"CCC","D"))))))) | AZ11: =IF(AY11="","",INDEX('状态价值'!$D11:$K11,MATCH(AY11,'状态价值'!$D$1:$K$1,0))) | BA11: =G11+L11+Q11+V11+AA11+AF11+AK11+AP11+AU11+AZ11 | BB11: =SUM('组合输入'!$J$2:$J$11)-BA11
A12: 11 | B12: =NORM.S.INV(RAND()) | C12: =NORM.S.INV(RAND()) | D12: =IF('组合输入'!$C2="","",'组合输入'!$H2*$B12+SQRT(1-'组合输入'!$H2^2)*C12) | E12: =IF(D12="","",NORM.S.DIST(D12,TRUE)) | F12: =IF(E12="","",IF(E12<='组合输入'!$K2,"AAA",IF(E12<='组合输入'!$L2,"AA",IF(E12<='组合输入'!$M2,"A",IF(E12<='组合输入'!$N2,"BBB",IF(E12<='组合输入'!$O2,"BB",IF(E12<='组合输入'!$P2,"B",IF(E12<='组合输入'!$Q2,"CCC","D"))))))) | G12: =IF(F12="","",INDEX('状态价值'!$D2:$K2,MATCH(F12,'状态价值'!$D$1:$K$1,0))) | H12: =NORM.S.INV(RAND()) | I12: =IF('组合输入'!$C3="","",'组合输入'!$H3*$B12+SQRT(1-'组合输入'!$H3^2)*H12) | J12: =IF(I12="","",NORM.S.DIST(I12,TRUE)) | K12: =IF(J12="","",IF(J12<='组合输入'!$K3,"AAA",IF(J12<='组合输入'!$L3,"AA",IF(J12<='组合输入'!$M3,"A",IF(J12<='组合输入'!$N3,"BBB",IF(J12<='组合输入'!$O3,"BB",IF(J12<='组合输入'!$P3,"B",IF(J12<='组合输入'!$Q3,"CCC","D"))))))) | L12: =IF(K12="","",INDEX('状态价值'!$D3:$K3,MATCH(K12,'状态价值'!$D$1:$K$1,0))) | M12: =NORM.S.INV(RAND()) | N12: =IF('组合输入'!$C4="","",'组合输入'!$H4*$B12+SQRT(1-'组合输入'!$H4^2)*M12) | O12: =IF(N12="","",NORM.S.DIST(N12,TRUE)) | P12: =IF(O12="","",IF(O12<='组合输入'!$K4,"AAA",IF(O12<='组合输入'!$L4,"AA",IF(O12<='组合输入'!$M4,"A",IF(O12<='组合输入'!$N4,"BBB",IF(O12<='组合输入'!$O4,"BB",IF(O12<='组合输入'!$P4,"B",IF(O12<='组合输入'!$Q4,"CCC","D"))))))) | Q12: =IF(P12="","",INDEX('状态价值'!$D4:$K4,MATCH(P12,'状态价值'!$D$1:$K$1,0))) | R12: =NORM.S.INV(RAND()) | S12: =IF('组合输入'!$C5="","",'组合输入'!$H5*$B12+SQRT(1-'组合输入'!$H5^2)*R12) | T12: =IF(S12="","",NORM.S.DIST(S12,TRUE)) | U12: =IF(T12="","",IF(T12<='组合输入'!$K5,"AAA",IF(T12<='组合输入'!$L5,"AA",IF(T12<='组合输入'!$M5,"A",IF(T12<='组合输入'!$N5,"BBB",IF(T12<='组合输入'!$O5,"BB",IF(T12<='组合输入'!$P5,"B",IF(T12<='组合输入'!$Q5,"CCC","D"))))))) | V12: =IF(U12="","",INDEX('状态价值'!$D5:$K5,MATCH(U12,'状态价值'!$D$1:$K$1,0))) | W12: =NORM.S.INV(RAND()) | X12: =IF('组合输入'!$C6="","",'组合输入'!$H6*$B12+SQRT(1-'组合输入'!$H6^2)*W12) | Y12: =IF(X12="","",NORM.S.DIST(X12,TRUE)) | Z12: =IF(Y12="","",IF(Y12<='组合输入'!$K6,"AAA",IF(Y12<='组合输入'!$L6,"AA",IF(Y12<='组合输入'!$M6,"A",IF(Y12<='组合输入'!$N6,"BBB",IF(Y12<='组合输入'!$O6,"BB",IF(Y12<='组合输入'!$P6,"B",IF(Y12<='组合输入'!$Q6,"CCC","D"))))))) | AA12: =IF(Z12="","",INDEX('状态价值'!$D6:$K6,MATCH(Z12,'状态价值'!$D$1:$K$1,0))) | AB12: =NORM.S.INV(RAND()) | AC12: =IF('组合输入'!$C7="","",'组合输入'!$H7*$B12+SQRT(1-'组合输入'!$H7^2)*AB12) | AD12: =IF(AC12="","",NORM.S.DIST(AC12,TRUE)) | AE12: =IF(AD12="","",IF(AD12<='组合输入'!$K7,"AAA",IF(AD12<='组合输入'!$L7,"AA",IF(AD12<='组合输入'!$M7,"A",IF(AD12<='组合输入'!$N7,"BBB",IF(AD12<='组合输入'!$O7,"BB",IF(AD12<='组合输入'!$P7,"B",IF(AD12<='组合输入'!$Q7,"CCC","D"))))))) | AF12: =IF(AE12="","",INDEX('状态价值'!$D7:$K7,MATCH(AE12,'状态价值'!$D$1:$K$1,0))) | AG12: =NORM.S.INV(RAND()) | AH12: =IF('组合输入'!$C8="","",'组合输入'!$H8*$B12+SQRT(1-'组合输入'!$H8^2)*AG12) | AI12: =IF(AH12="","",NORM.S.DIST(AH12,TRUE)) | AJ12: =IF(AI12="","",IF(AI12<='组合输入'!$K8,"AAA",IF(AI12<='组合输入'!$L8,"AA",IF(AI12<='组合输入'!$M8,"A",IF(AI12<='组合输入'!$N8,"BBB",IF(AI12<='组合输入'!$O8,"BB",IF(AI12<='组合输入'!$P8,"B",IF(AI12<='组合输入'!$Q8,"CCC","D"))))))) | AK12: =IF(AJ12="","",INDEX('状态价值'!$D8:$K8,MATCH(AJ12,'状态价值'!$D$1:$K$1,0))) | AL12: =NORM.S.INV(RAND()) | AM12: =IF('组合输入'!$C9="","",'组合输入'!$H9*$B12+SQRT(1-'组合输入'!$H9^2)*AL12) | AN12: =IF(AM12="","",NORM.S.DIST(AM12,TRUE)) | AO12: =IF(AN12="","",IF(AN12<='组合输入'!$K9,"AAA",IF(AN12<='组合输入'!$L9,"AA",IF(AN12<='组合输入'!$M9,"A",IF(AN12<='组合输入'!$N9,"BBB",IF(AN12<='组合输入'!$O9,"BB",IF(AN12<='组合输入'!$P9,"B",IF(AN12<='组合输入'!$Q9,"CCC","D"))))))) | AP12: =IF(AO12="","",INDEX('状态价值'!$D9:$K9,MATCH(AO12,'状态价值'!$D$1:$K$1,0))) | AQ12: =NORM.S.INV(RAND()) | AR12: =IF('组合输入'!$C10="","",'组合输入'!$H10*$B12+SQRT(1-'组合输入'!$H10^2)*AQ12) | AS12: =IF(AR12="","",NORM.S.DIST(AR12,TRUE)) | AT12: =IF(AS12="","",IF(AS12<='组合输入'!$K10,"AAA",IF(AS12<='组合输入'!$L10,"AA",IF(AS12<='组合输入'!$M10,"A",IF(AS12<='组合输入'!$N10,"BBB",IF(AS12<='组合输入'!$O10,"BB",IF(AS12<='组合输入'!$P10,"B",IF(AS12<='组合输入'!$Q10,"CCC","D"))))))) | AU12: =IF(AT12="","",INDEX('状态价值'!$D10:$K10,MATCH(AT12,'状态价值'!$D$1:$K$1,0))) | AV12: =NORM.S.INV(RAND()) | AW12: =IF('组合输入'!$C11="","",'组合输入'!$H11*$B12+SQRT(1-'组合输入'!$H11^2)*AV12) | AX12: =IF(AW12="","",NORM.S.DIST(AW12,TRUE)) | AY12: =IF(AX12="","",IF(AX12<='组合输入'!$K11,"AAA",IF(AX12<='组合输入'!$L11,"AA",IF(AX12<='组合输入'!$M11,"A",IF(AX12<='组合输入'!$N11,"BBB",IF(AX12<='组合输入'!$O11,"BB",IF(AX12<='组合输入'!$P11,"B",IF(AX12<='组合输入'!$Q11,"CCC","D"))))))) | AZ12: =IF(AY12="","",INDEX('状态价值'!$D11:$K11,MATCH(AY12,'状态价值'!$D$1:$K$1,0))) | BA12: =G12+L12+Q12+V12+AA12+AF12+AK12+AP12+AU12+AZ12 | BB12: =SUM('组合输入'!$J$2:$J$11)-BA12
A13: 12 | B13: =NORM.S.INV(RAND()) | C13: =NORM.S.INV(RAND()) | D13: =IF('组合输入'!$C2="","",'组合输入'!$H2*$B13+SQRT(1-'组合输入'!$H2^2)*C13) | E13: =IF(D13="","",NORM.S.DIST(D13,TRUE)) | F13: =IF(E13="","",IF(E13<='组合输入'!$K2,"AAA",IF(E13<='组合输入'!$L2,"AA",IF(E13<='组合输入'!$M2,"A",IF(E13<='组合输入'!$N2,"BBB",IF(E13<='组合输入'!$O2,"BB",IF(E13<='组合输入'!$P2,"B",IF(E13<='组合输入'!$Q2,"CCC","D"))))))) | G13: =IF(F13="","",INDEX('状态价值'!$D2:$K2,MATCH(F13,'状态价值'!$D$1:$K$1,0))) | H13: =NORM.S.INV(RAND()) | I13: =IF('组合输入'!$C3="","",'组合输入'!$H3*$B13+SQRT(1-'组合输入'!$H3^2)*H13) | J13: =IF(I13="","",NORM.S.DIST(I13,TRUE)) | K13: =IF(J13="","",IF(J13<='组合输入'!$K3,"AAA",IF(J13<='组合输入'!$L3,"AA",IF(J13<='组合输入'!$M3,"A",IF(J13<='组合输入'!$N3,"BBB",IF(J13<='组合输入'!$O3,"BB",IF(J13<='组合输入'!$P3,"B",IF(J13<='组合输入'!$Q3,"CCC","D"))))))) | L13: =IF(K13="","",INDEX('状态价值'!$D3:$K3,MATCH(K13,'状态价值'!$D$1:$K$1,0))) | M13: =NORM.S.INV(RAND()) | N13: =IF('组合输入'!$C4="","",'组合输入'!$H4*$B13+SQRT(1-'组合输入'!$H4^2)*M13) | O13: =IF(N13="","",NORM.S.DIST(N13,TRUE)) | P13: =IF(O13="","",IF(O13<='组合输入'!$K4,"AAA",IF(O13<='组合输入'!$L4,"AA",IF(O13<='组合输入'!$M4,"A",IF(O13<='组合输入'!$N4,"BBB",IF(O13<='组合输入'!$O4,"BB",IF(O13<='组合输入'!$P4,"B",IF(O13<='组合输入'!$Q4,"CCC","D"))))))) | Q13: =IF(P13="","",INDEX('状态价值'!$D4:$K4,MATCH(P13,'状态价值'!$D$1:$K$1,0))) | R13: =NORM.S.INV(RAND()) | S13: =IF('组合输入'!$C5="","",'组合输入'!$H5*$B13+SQRT(1-'组合输入'!$H5^2)*R13) | T13: =IF(S13="","",NORM.S.DIST(S13,TRUE)) | U13: =IF(T13="","",IF(T13<='组合输入'!$K5,"AAA",IF(T13<='组合输入'!$L5,"AA",IF(T13<='组合输入'!$M5,"A",IF(T13<='组合输入'!$N5,"BBB",IF(T13<='组合输入'!$O5,"BB",IF(T13<='组合输入'!$P5,"B",IF(T13<='组合输入'!$Q5,"CCC","D"))))))) | V13: =IF(U13="","",INDEX('状态价值'!$D5:$K5,MATCH(U13,'状态价值'!$D$1:$K$1,0))) | W13: =NORM.S.INV(RAND()) | X13: =IF('组合输入'!$C6="","",'组合输入'!$H6*$B13+SQRT(1-'组合输入'!$H6^2)*W13) | Y13: =IF(X13="","",NORM.S.DIST(X13,TRUE)) | Z13: =IF(Y13="","",IF(Y13<='组合输入'!$K6,"AAA",IF(Y13<='组合输入'!$L6,"AA",IF(Y13<='组合输入'!$M6,"A",IF(Y13<='组合输入'!$N6,"BBB",IF(Y13<='组合输入'!$O6,"BB",IF(Y13<='组合输入'!$P6,"B",IF(Y13<='组合输入'!$Q6,"CCC","D"))))))) | AA13: =IF(Z13="","",INDEX('状态价值'!$D6:$K6,MATCH(Z13,'状态价值'!$D$1:$K$1,0))) | AB13: =NORM.S.INV(RAND()) | AC13: =IF('组合输入'!$C7="","",'组合输入'!$H7*$B13+SQRT(1-'组合输入'!$H7^2)*AB13) | AD13: =IF(AC13="","",NORM.S.DIST(AC13,TRUE)) | AE13: =IF(AD13="","",IF(AD13<='组合输入'!$K7,"AAA",IF(AD13<='组合输入'!$L7,"AA",IF(AD13<='组合输入'!$M7,"A",IF(AD13<='组合输入'!$N7,"BBB",IF(AD13<='组合输入'!$O7,"BB",IF(AD13<='组合输入'!$P7,"B",IF(AD13<='组合输入'!$Q7,"CCC","D"))))))) | AF13: =IF(AE13="","",INDEX('状态价值'!$D7:$K7,MATCH(AE13,'状态价值'!$D$1:$K$1,0))) | AG13: =NORM.S.INV(RAND()) | AH13: =IF('组合输入'!$C8="","",'组合输入'!$H8*$B13+SQRT(1-'组合输入'!$H8^2)*AG13) | AI13: =IF(AH13="","",NORM.S.DIST(AH13,TRUE)) | AJ13: =IF(AI13="","",IF(AI13<='组合输入'!$K8,"AAA",IF(AI13<='组合输入'!$L8,"AA",IF(AI13<='组合输入'!$M8,"A",IF(AI13<='组合输入'!$N8,"BBB",IF(AI13<='组合输入'!$O8,"BB",IF(AI13<='组合输入'!$P8,"B",IF(AI13<='组合输入'!$Q8,"CCC","D"))))))) | AK13: =IF(AJ13="","",INDEX('状态价值'!$D8:$K8,MATCH(AJ13,'状态价值'!$D$1:$K$1,0))) | AL13: =NORM.S.INV(RAND()) | AM13: =IF('组合输入'!$C9="","",'组合输入'!$H9*$B13+SQRT(1-'组合输入'!$H9^2)*AL13) | AN13: =IF(AM13="","",NORM.S.DIST(AM13,TRUE)) | AO13: =IF(AN13="","",IF(AN13<='组合输入'!$K9,"AAA",IF(AN13<='组合输入'!$L9,"AA",IF(AN13<='组合输入'!$M9,"A",IF(AN13<='组合输入'!$N9,"BBB",IF(AN13<='组合输入'!$O9,"BB",IF(AN13<='组合输入'!$P9,"B",IF(AN13<='组合输入'!$Q9,"CCC","D"))))))) | AP13: =IF(AO13="","",INDEX('状态价值'!$D9:$K9,MATCH(AO13,'状态价值'!$D$1:$K$1,0))) | AQ13: =NORM.S.INV(RAND()) | AR13: =IF('组合输入'!$C10="","",'组合输入'!$H10*$B13+SQRT(1-'组合输入'!$H10^2)*AQ13) | AS13: =IF(AR13="","",NORM.S.DIST(AR13,TRUE)) | AT13: =IF(AS13="","",IF(AS13<='组合输入'!$K10,"AAA",IF(AS13<='组合输入'!$L10,"AA",IF(AS13<='组合输入'!$M10,"A",IF(AS13<='组合输入'!$N10,"BBB",IF(AS13<='组合输入'!$O10,"BB",IF(AS13<='组合输入'!$P10,"B",IF(AS13<='组合输入'!$Q10,"CCC","D"))))))) | AU13: =IF(AT13="","",INDEX('状态价值'!$D10:$K10,MATCH(AT13,'状态价值'!$D$1:$K$1,0))) | AV13: =NORM.S.INV(RAND()) | AW13: =IF('组合输入'!$C11="","",'组合输入'!$H11*$B13+SQRT(1-'组合输入'!$H11^2)*AV13) | AX13: =IF(AW13="","",NORM.S.DIST(AW13,TRUE)) | AY13: =IF(AX13="","",IF(AX13<='组合输入'!$K11,"AAA",IF(AX13<='组合输入'!$L11,"AA",IF(AX13<='组合输入'!$M11,"A",IF(AX13<='组合输入'!$N11,"BBB",IF(AX13<='组合输入'!$O11,"BB",IF(AX13<='组合输入'!$P11,"B",IF(AX13<='组合输入'!$Q11,"CCC","D"))))))) | AZ13: =IF(AY13="","",INDEX('状态价值'!$D11:$K11,MATCH(AY13,'状态价值'!$D$1:$K$1,0))) | BA13: =G13+L13+Q13+V13+AA13+AF13+AK13+AP13+AU13+AZ13 | BB13: =SUM('组合输入'!$J$2:$J$11)-BA13
A14: 13 | B14: =NORM.S.INV(RAND()) | C14: =NORM.S.INV(RAND()) | D14: =IF('组合输入'!$C2="","",'组合输入'!$H2*$B14+SQRT(1-'组合输入'!$H2^2)*C14) | E14: =IF(D14="","",NORM.S.DIST(D14,TRUE)) | F14: =IF(E14="","",IF(E14<='组合输入'!$K2,"AAA",IF(E14<='组合输入'!$L2,"AA",IF(E14<='组合输入'!$M2,"A",IF(E14<='组合输入'!$N2,"BBB",IF(E14<='组合输入'!$O2,"BB",IF(E14<='组合输入'!$P2,"B",IF(E14<='组合输入'!$Q2,"CCC","D"))))))) | G14: =IF(F14="","",INDEX('状态价值'!$D2:$K2,MATCH(F14,'状态价值'!$D$1:$K$1,0))) | H14: =NORM.S.INV(RAND()) | I14: =IF('组合输入'!$C3="","",'组合输入'!$H3*$B14+SQRT(1-'组合输入'!$H3^2)*H14) | J14: =IF(I14="","",NORM.S.DIST(I14,TRUE)) | K14: =IF(J14="","",IF(J14<='组合输入'!$K3,"AAA",IF(J14<='组合输入'!$L3,"AA",IF(J14<='组合输入'!$M3,"A",IF(J14<='组合输入'!$N3,"BBB",IF(J14<='组合输入'!$O3,"BB",IF(J14<='组合输入'!$P3,"B",IF(J14<='组合输入'!$Q3,"CCC","D"))))))) | L14: =IF(K14="","",INDEX('状态价值'!$D3:$K3,MATCH(K14,'状态价值'!$D$1:$K$1,0))) | M14: =NORM.S.INV(RAND()) | N14: =IF('组合输入'!$C4="","",'组合输入'!$H4*$B14+SQRT(1-'组合输入'!$H4^2)*M14) | O14: =IF(N14="","",NORM.S.DIST(N14,TRUE)) | P14: =IF(O14="","",IF(O14<='组合输入'!$K4,"AAA",IF(O14<='组合输入'!$L4,"AA",IF(O14<='组合输入'!$M4,"A",IF(O14<='组合输入'!$N4,"BBB",IF(O14<='组合输入'!$O4,"BB",IF(O14<='组合输入'!$P4,"B",IF(O14<='组合输入'!$Q4,"CCC","D"))))))) | Q14: =IF(P14="","",INDEX('状态价值'!$D4:$K4,MATCH(P14,'状态价值'!$D$1:$K$1,0))) | R14: =NORM.S.INV(RAND()) | S14: =IF('组合输入'!$C5="","",'组合输入'!$H5*$B14+SQRT(1-'组合输入'!$H5^2)*R14) | T14: =IF(S14="","",NORM.S.DIST(S14,TRUE)) | U14: =IF(T14="","",IF(T14<='组合输入'!$K5,"AAA",IF(T14<='组合输入'!$L5,"AA",IF(T14<='组合输入'!$M5,"A",IF(T14<='组合输入'!$N5,"BBB",IF(T14<='组合输入'!$O5,"BB",IF(T14<='组合输入'!$P5,"B",IF(T14<='组合输入'!$Q5,"CCC","D"))))))) | V14: =IF(U14="","",INDEX('状态价值'!$D5:$K5,MATCH(U14,'状态价值'!$D$1:$K$1,0))) | W14: =NORM.S.INV(RAND()) | X14: =IF('组合输入'!$C6="","",'组合输入'!$H6*$B14+SQRT(1-'组合输入'!$H6^2)*W14) | Y14: =IF(X14="","",NORM.S.DIST(X14,TRUE)) | Z14: =IF(Y14="","",IF(Y14<='组合输入'!$K6,"AAA",IF(Y14<='组合输入'!$L6,"AA",IF(Y14<='组合输入'!$M6,"A",IF(Y14<='组合输入'!$N6,"BBB",IF(Y14<='组合输入'!$O6,"BB",IF(Y14<='组合输入'!$P6,"B",IF(Y14<='组合输入'!$Q6,"CCC","D"))))))) | AA14: =IF(Z14="","",INDEX('状态价值'!$D6:$K6,MATCH(Z14,'状态价值'!$D$1:$K$1,0))) | AB14: =NORM.S.INV(RAND()) | AC14: =IF('组合输入'!$C7="","",'组合输入'!$H7*$B14+SQRT(1-'组合输入'!$H7^2)*AB14) | AD14: =IF(AC14="","",NORM.S.DIST(AC14,TRUE)) | AE14: =IF(AD14="","",IF(AD14<='组合输入'!$K7,"AAA",IF(AD14<='组合输入'!$L7,"AA",IF(AD14<='组合输入'!$M7,"A",IF(AD14<='组合输入'!$N7,"BBB",IF(AD14<='组合输入'!$O7,"BB",IF(AD14<='组合输入'!$P7,"B",IF(AD14<='组合输入'!$Q7,"CCC","D"))))))) | AF14: =IF(AE14="","",INDEX('状态价值'!$D7:$K7,MATCH(AE14,'状态价值'!$D$1:$K$1,0))) | AG14: =NORM.S.INV(RAND()) | AH14: =IF('组合输入'!$C8="","",'组合输入'!$H8*$B14+SQRT(1-'组合输入'!$H8^2)*AG14) | AI14: =IF(AH14="","",NORM.S.DIST(AH14,TRUE)) | AJ14: =IF(AI14="","",IF(AI14<='组合输入'!$K8,"AAA",IF(AI14<='组合输入'!$L8,"AA",IF(AI14<='组合输入'!$M8,"A",IF(AI14<='组合输入'!$N8,"BBB",IF(AI14<='组合输入'!$O8,"BB",IF(AI14<='组合输入'!$P8,"B",IF(AI14<='组合输入'!$Q8,"CCC","D"))))))) | AK14: =IF(AJ14="","",INDEX('状态价值'!$D8:$K8,MATCH(AJ14,'状态价值'!$D$1:$K$1,0))) | AL14: =NORM.S.INV(RAND()) | AM14: =IF('组合输入'!$C9="","",'组合输入'!$H9*$B14+SQRT(1-'组合输入'!$H9^2)*AL14) | AN14: =IF(AM14="","",NORM.S.DIST(AM14,TRUE)) | AO14: =IF(AN14="","",IF(AN14<='组合输入'!$K9,"AAA",IF(AN14<='组合输入'!$L9,"AA",IF(AN14<='组合输入'!$M9,"A",IF(AN14<='组合输入'!$N9,"BBB",IF(AN14<='组合输入'!$O9,"BB",IF(AN14<='组合输入'!$P9,"B",IF(AN14<='组合输入'!$Q9,"CCC","D"))))))) | AP14: =IF(AO14="","",INDEX('状态价值'!$D9:$K9,MATCH(AO14,'状态价值'!$D$1:$K$1,0))) | AQ14: =NORM.S.INV(RAND()) | AR14: =IF('组合输入'!$C10="","",'组合输入'!$H10*$B14+SQRT(1-'组合输入'!$H10^2)*AQ14) | AS14: =IF(AR14="","",NORM.S.DIST(AR14,TRUE)) | AT14: =IF(AS14="","",IF(AS14<='组合输入'!$K10,"AAA",IF(AS14<='组合输入'!$L10,"AA",IF(AS14<='组合输入'!$M10,"A",IF(AS14<='组合输入'!$N10,"BBB",IF(AS14<='组合输入'!$O10,"BB",IF(AS14<='组合输入'!$P10,"B",IF(AS14<='组合输入'!$Q10,"CCC","D"))))))) | AU14: =IF(AT14="","",INDEX('状态价值'!$D10:$K10,MATCH(AT14,'状态价值'!$D$1:$K$1,0))) | AV14: =NORM.S.INV(RAND()) | AW14: =IF('组合输入'!$C11="","",'组合输入'!$H11*$B14+SQRT(1-'组合输入'!$H11^2)*AV14) | AX14: =IF(AW14="","",NORM.S.DIST(AW14,TRUE)) | AY14: =IF(AX14="","",IF(AX14<='组合输入'!$K11,"AAA",IF(AX14<='组合输入'!$L11,"AA",IF(AX14<='组合输入'!$M11,"A",IF(AX14<='组合输入'!$N11,"BBB",IF(AX14<='组合输入'!$O11,"BB",IF(AX14<='组合输入'!$P11,"B",IF(AX14<='组合输入'!$Q11,"CCC","D"))))))) | AZ14: =IF(AY14="","",INDEX('状态价值'!$D11:$K11,MATCH(AY14,'状态价值'!$D$1:$K$1,0))) | BA14: =G14+L14+Q14+V14+AA14+AF14+AK14+AP14+AU14+AZ14 | BB14: =SUM('组合输入'!$J$2:$J$11)-BA14
A15: 14 | B15: =NORM.S.INV(RAND()) | C15: =NORM.S.INV(RAND()) | D15: =IF('组合输入'!$C2="","",'组合输入'!$H2*$B15+SQRT(1-'组合输入'!$H2^2)*C15) | E15: =IF(D15="","",NORM.S.DIST(D15,TRUE)) | F15: =IF(E15="","",IF(E15<='组合输入'!$K2,"AAA",IF(E15<='组合输入'!$L2,"AA",IF(E15<='组合输入'!$M2,"A",IF(E15<='组合输入'!$N2,"BBB",IF(E15<='组合输入'!$O2,"BB",IF(E15<='组合输入'!$P2,"B",IF(E15<='组合输入'!$Q2,"CCC","D"))))))) | G15: =IF(F15="","",INDEX('状态价值'!$D2:$K2,MATCH(F15,'状态价值'!$D$1:$K$1,0))) | H15: =NORM.S.INV(RAND()) | I15: =IF('组合输入'!$C3="","",'组合输入'!$H3*$B15+SQRT(1-'组合输入'!$H3^2)*H15) | J15: =IF(I15="","",NORM.S.DIST(I15,TRUE)) | K15: =IF(J15="","",IF(J15<='组合输入'!$K3,"AAA",IF(J15<='组合输入'!$L3,"AA",IF(J15<='组合输入'!$M3,"A",IF(J15<='组合输入'!$N3,"BBB",IF(J15<='组合输入'!$O3,"BB",IF(J15<='组合输入'!$P3,"B",IF(J15<='组合输入'!$Q3,"CCC","D"))))))) | L15: =IF(K15="","",INDEX('状态价值'!$D3:$K3,MATCH(K15,'状态价值'!$D$1:$K$1,0))) | M15: =NORM.S.INV(RAND()) | N15: =IF('组合输入'!$C4="","",'组合输入'!$H4*$B15+SQRT(1-'组合输入'!$H4^2)*M15) | O15: =IF(N15="","",NORM.S.DIST(N15,TRUE)) | P15: =IF(O15="","",IF(O15<='组合输入'!$K4,"AAA",IF(O15<='组合输入'!$L4,"AA",IF(O15<='组合输入'!$M4,"A",IF(O15<='组合输入'!$N4,"BBB",IF(O15<='组合输入'!$O4,"BB",IF(O15<='组合输入'!$P4,"B",IF(O15<='组合输入'!$Q4,"CCC","D"))))))) | Q15: =IF(P15="","",INDEX('状态价值'!$D4:$K4,MATCH(P15,'状态价值'!$D$1:$K$1,0))) | R15: =NORM.S.INV(RAND()) | S15: =IF('组合输入'!$C5="","",'组合输入'!$H5*$B15+SQRT(1-'组合输入'!$H5^2)*R15) | T15: =IF(S15="","",NORM.S.DIST(S15,TRUE)) | U15: =IF(T15="","",IF(T15<='组合输入'!$K5,"AAA",IF(T15<='组合输入'!$L5,"AA",IF(T15<='组合输入'!$M5,"A",IF(T15<='组合输入'!$N5,"BBB",IF(T15<='组合输入'!$O5,"BB",IF(T15<='组合输入'!$P5,"B",IF(T15<='组合输入'!$Q5,"CCC","D"))))))) | V15: =IF(U15="","",INDEX('状态价值'!$D5:$K5,MATCH(U15,'状态价值'!$D$1:$K$1,0))) | W15: =NORM.S.INV(RAND()) | X15: =IF('组合输入'!$C6="","",'组合输入'!$H6*$B15+SQRT(1-'组合输入'!$H6^2)*W15) | Y15: =IF(X15="","",NORM.S.DIST(X15,TRUE)) | Z15: =IF(Y15="","",IF(Y15<='组合输入'!$K6,"AAA",IF(Y15<='组合输入'!$L6,"AA",IF(Y15<='组合输入'!$M6,"A",IF(Y15<='组合输入'!$N6,"BBB",IF(Y15<='组合输入'!$O6,"BB",IF(Y15<='组合输入'!$P6,"B",IF(Y15<='组合输入'!$Q6,"CCC","D"))))))) | AA15: =IF(Z15="","",INDEX('状态价值'!$D6:$K6,MATCH(Z15,'状态价值'!$D$1:$K$1,0))) | AB15: =NORM.S.INV(RAND()) | AC15: =IF('组合输入'!$C7="","",'组合输入'!$H7*$B15+SQRT(1-'组合输入'!$H7^2)*AB15) | AD15: =IF(AC15="","",NORM.S.DIST(AC15,TRUE)) | AE15: =IF(AD15="","",IF(AD15<='组合输入'!$K7,"AAA",IF(AD15<='组合输入'!$L7,"AA",IF(AD15<='组合输入'!$M7,"A",IF(AD15<='组合输入'!$N7,"BBB",IF(AD15<='组合输入'!$O7,"BB",IF(AD15<='组合输入'!$P7,"B",IF(AD15<='组合输入'!$Q7,"CCC","D"))))))) | AF15: =IF(AE15="","",INDEX('状态价值'!$D7:$K7,MATCH(AE15,'状态价值'!$D$1:$K$1,0))) | AG15: =NORM.S.INV(RAND()) | AH15: =IF('组合输入'!$C8="","",'组合输入'!$H8*$B15+SQRT(1-'组合输入'!$H8^2)*AG15) | AI15: =IF(AH15="","",NORM.S.DIST(AH15,TRUE)) | AJ15: =IF(AI15="","",IF(AI15<='组合输入'!$K8,"AAA",IF(AI15<='组合输入'!$L8,"AA",IF(AI15<='组合输入'!$M8,"A",IF(AI15<='组合输入'!$N8,"BBB",IF(AI15<='组合输入'!$O8,"BB",IF(AI15<='组合输入'!$P8,"B",IF(AI15<='组合输入'!$Q8,"CCC","D"))))))) | AK15: =IF(AJ15="","",INDEX('状态价值'!$D8:$K8,MATCH(AJ15,'状态价值'!$D$1:$K$1,0))) | AL15: =NORM.S.INV(RAND()) | AM15: =IF('组合输入'!$C9="","",'组合输入'!$H9*$B15+SQRT(1-'组合输入'!$H9^2)*AL15) | AN15: =IF(AM15="","",NORM.S.DIST(AM15,TRUE)) | AO15: =IF(AN15="","",IF(AN15<='组合输入'!$K9,"AAA",IF(AN15<='组合输入'!$L9,"AA",IF(AN15<='组合输入'!$M9,"A",IF(AN15<='组合输入'!$N9,"BBB",IF(AN15<='组合输入'!$O9,"BB",IF(AN15<='组合输入'!$P9,"B",IF(AN15<='组合输入'!$Q9,"CCC","D"))))))) | AP15: =IF(AO15="","",INDEX('状态价值'!$D9:$K9,MATCH(AO15,'状态价值'!$D$1:$K$1,0))) | AQ15: =NORM.S.INV(RAND()) | AR15: =IF('组合输入'!$C10="","",'组合输入'!$H10*$B15+SQRT(1-'组合输入'!$H10^2)*AQ15) | AS15: =IF(AR15="","",NORM.S.DIST(AR15,TRUE)) | AT15: =IF(AS15="","",IF(AS15<='组合输入'!$K10,"AAA",IF(AS15<='组合输入'!$L10,"AA",IF(AS15<='组合输入'!$M10,"A",IF(AS15<='组合输入'!$N10,"BBB",IF(AS15<='组合输入'!$O10,"BB",IF(AS15<='组合输入'!$P10,"B",IF(AS15<='组合输入'!$Q10,"CCC","D"))))))) | AU15: =IF(AT15="","",INDEX('状态价值'!$D10:$K10,MATCH(AT15,'状态价值'!$D$1:$K$1,0))) | AV15: =NORM.S.INV(RAND()) | AW15: =IF('组合输入'!$C11="","",'组合输入'!$H11*$B15+SQRT(1-'组合输入'!$H11^2)*AV15) | AX15: =IF(AW15="","",NORM.S.DIST(AW15,TRUE)) | AY15: =IF(AX15="","",IF(AX15<='组合输入'!$K11,"AAA",IF(AX15<='组合输入'!$L11,"AA",IF(AX15<='组合输入'!$M11,"A",IF(AX15<='组合输入'!$N11,"BBB",IF(AX15<='组合输入'!$O11,"BB",IF(AX15<='组合输入'!$P11,"B",IF(AX15<='组合输入'!$Q11,"CCC","D"))))))) | AZ15: =IF(AY15="","",INDEX('状态价值'!$D11:$K11,MATCH(AY15,'状态价值'!$D$1:$K$1,0))) | BA15: =G15+L15+Q15+V15+AA15+AF15+AK15+AP15+AU15+AZ15 | BB15: =SUM('组合输入'!$J$2:$J$11)-BA15
A16: 15 | B16: =NORM.S.INV(RAND()) | C16: =NORM.S.INV(RAND()) | D16: =IF('组合输入'!$C2="","",'组合输入'!$H2*$B16+SQRT(1-'组合输入'!$H2^2)*C16) | E16: =IF(D16="","",NORM.S.DIST(D16,TRUE)) | F16: =IF(E16="","",IF(E16<='组合输入'!$K2,"AAA",IF(E16<='组合输入'!$L2,"AA",IF(E16<='组合输入'!$M2,"A",IF(E16<='组合输入'!$N2,"BBB",IF(E16<='组合输入'!$O2,"BB",IF(E16<='组合输入'!$P2,"B",IF(E16<='组合输入'!$Q2,"CCC","D"))))))) | G16: =IF(F16="","",INDEX('状态价值'!$D2:$K2,MATCH(F16,'状态价值'!$D$1:$K$1,0))) | H16: =NORM.S.INV(RAND()) | I16: =IF('组合输入'!$C3="","",'组合输入'!$H3*$B16+SQRT(1-'组合输入'!$H3^2)*H16) | J16: =IF(I16="","",NORM.S.DIST(I16,TRUE)) | K16: =IF(J16="","",IF(J16<='组合输入'!$K3,"AAA",IF(J16<='组合输入'!$L3,"AA",IF(J16<='组合输入'!$M3,"A",IF(J16<='组合输入'!$N3,"BBB",IF(J16<='组合输入'!$O3,"BB",IF(J16<='组合输入'!$P3,"B",IF(J16<='组合输入'!$Q3,"CCC","D"))))))) | L16: =IF(K16="","",INDEX('状态价值'!$D3:$K3,MATCH(K16,'状态价值'!$D$1:$K$1,0))) | M16: =NORM.S.INV(RAND()) | N16: =IF('组合输入'!$C4="","",'组合输入'!$H4*$B16+SQRT(1-'组合输入'!$H4^2)*M16) | O16: =IF(N16="","",NORM.S.DIST(N16,TRUE)) | P16: =IF(O16="","",IF(O16<='组合输入'!$K4,"AAA",IF(O16<='组合输入'!$L4,"AA",IF(O16<='组合输入'!$M4,"A",IF(O16<='组合输入'!$N4,"BBB",IF(O16<='组合输入'!$O4,"BB",IF(O16<='组合输入'!$P4,"B",IF(O16<='组合输入'!$Q4,"CCC","D"))))))) | Q16: =IF(P16="","",INDEX('状态价值'!$D4:$K4,MATCH(P16,'状态价值'!$D$1:$K$1,0))) | R16: =NORM.S.INV(RAND()) | S16: =IF('组合输入'!$C5="","",'组合输入'!$H5*$B16+SQRT(1-'组合输入'!$H5^2)*R16) | T16: =IF(S16="","",NORM.S.DIST(S16,TRUE)) | U16: =IF(T16="","",IF(T16<='组合输入'!$K5,"AAA",IF(T16<='组合输入'!$L5,"AA",IF(T16<='组合输入'!$M5,"A",IF(T16<='组合输入'!$N5,"BBB",IF(T16<='组合输入'!$O5,"BB",IF(T16<='组合输入'!$P5,"B",IF(T16<='组合输入'!$Q5,"CCC","D"))))))) | V16: =IF(U16="","",INDEX('状态价值'!$D5:$K5,MATCH(U16,'状态价值'!$D$1:$K$1,0))) | W16: =NORM.S.INV(RAND()) | X16: =IF('组合输入'!$C6="","",'组合输入'!$H6*$B16+SQRT(1-'组合输入'!$H6^2)*W16) | Y16: =IF(X16="","",NORM.S.DIST(X16,TRUE)) | Z16: =IF(Y16="","",IF(Y16<='组合输入'!$K6,"AAA",IF(Y16<='组合输入'!$L6,"AA",IF(Y16<='组合输入'!$M6,"A",IF(Y16<='组合输入'!$N6,"BBB",IF(Y16<='组合输入'!$O6,"BB",IF(Y16<='组合输入'!$P6,"B",IF(Y16<='组合输入'!$Q6,"CCC","D"))))))) | AA16: =IF(Z16="","",INDEX('状态价值'!$D6:$K6,MATCH(Z16,'状态价值'!$D$1:$K$1,0))) | AB16: =NORM.S.INV(RAND()) | AC16: =IF('组合输入'!$C7="","",'组合输入'!$H7*$B16+SQRT(1-'组合输入'!$H7^2)*AB16) | AD16: =IF(AC16="","",NORM.S.DIST(AC16,TRUE)) | AE16: =IF(AD16="","",IF(AD16<='组合输入'!$K7,"AAA",IF(AD16<='组合输入'!$L7,"AA",IF(AD16<='组合输入'!$M7,"A",IF(AD16<='组合输入'!$N7,"BBB",IF(AD16<='组合输入'!$O7,"BB",IF(AD16<='组合输入'!$P7,"B",IF(AD16<='组合输入'!$Q7,"CCC","D"))))))) | AF16: =IF(AE16="","",INDEX('状态价值'!$D7:$K7,MATCH(AE16,'状态价值'!$D$1:$K$1,0))) | AG16: =NORM.S.INV(RAND()) | AH16: =IF('组合输入'!$C8="","",'组合输入'!$H8*$B16+SQRT(1-'组合输入'!$H8^2)*AG16) | AI16: =IF(AH16="","",NORM.S.DIST(AH16,TRUE)) | AJ16: =IF(AI16="","",IF(AI16<='组合输入'!$K8,"AAA",IF(AI16<='组合输入'!$L8,"AA",IF(AI16<='组合输入'!$M8,"A",IF(AI16<='组合输入'!$N8,"BBB",IF(AI16<='组合输入'!$O8,"BB",IF(AI16<='组合输入'!$P8,"B",IF(AI16<='组合输入'!$Q8,"CCC","D"))))))) | AK16: =IF(AJ16="","",INDEX('状态价值'!$D8:$K8,MATCH(AJ16,'状态价值'!$D$1:$K$1,0))) | AL16: =NORM.S.INV(RAND()) | AM16: =IF('组合输入'!$C9="","",'组合输入'!$H9*$B16+SQRT(1-'组合输入'!$H9^2)*AL16) | AN16: =IF(AM16="","",NORM.S.DIST(AM16,TRUE)) | AO16: =IF(AN16="","",IF(AN16<='组合输入'!$K9,"AAA",IF(AN16<='组合输入'!$L9,"AA",IF(AN16<='组合输入'!$M9,"A",IF(AN16<='组合输入'!$N9,"BBB",IF(AN16<='组合输入'!$O9,"BB",IF(AN16<='组合输入'!$P9,"B",IF(AN16<='组合输入'!$Q9,"CCC","D"))))))) | AP16: =IF(AO16="","",INDEX('状态价值'!$D9:$K9,MATCH(AO16,'状态价值'!$D$1:$K$1,0))) | AQ16: =NORM.S.INV(RAND()) | AR16: =IF('组合输入'!$C10="","",'组合输入'!$H10*$B16+SQRT(1-'组合输入'!$H10^2)*AQ16) | AS16: =IF(AR16="","",NORM.S.DIST(AR16,TRUE)) | AT16: =IF(AS16="","",IF(AS16<='组合输入'!$K10,"AAA",IF(AS16<='组合输入'!$L10,"AA",IF(AS16<='组合输入'!$M10,"A",IF(AS16<='组合输入'!$N10,"BBB",IF(AS16<='组合输入'!$O10,"BB",IF(AS16<='组合输入'!$P10,"B",IF(AS16<='组合输入'!$Q10,"CCC","D"))))))) | AU16: =IF(AT16="","",INDEX('状态价值'!$D10:$K10,MATCH(AT16,'状态价值'!$D$1:$K$1,0))) | AV16: =NORM.S.INV(RAND()) | AW16: =IF('组合输入'!$C11="","",'组合输入'!$H11*$B16+SQRT(1-'组合输入'!$H11^2)*AV16) | AX16: =IF(AW16="","",NORM.S.DIST(AW16,TRUE)) | AY16: =IF(AX16="","",IF(AX16<='组合输入'!$K11,"AAA",IF(AX16<='组合输入'!$L11,"AA",IF(AX16<='组合输入'!$M11,"A",IF(AX16<='组合输入'!$N11,"BBB",IF(AX16<='组合输入'!$O11,"BB",IF(AX16<='组合输入'!$P11,"B",IF(AX16<='组合输入'!$Q11,"CCC","D"))))))) | AZ16: =IF(AY16="","",INDEX('状态价值'!$D11:$K11,MATCH(AY16,'状态价值'!$D$1:$K$1,0))) | BA16: =G16+L16+Q16+V16+AA16+AF16+AK16+AP16+AU16+AZ16 | BB16: =SUM('组合输入'!$J$2:$J$11)-BA16
A17: 16 | B17: =NORM.S.INV(RAND()) | C17: =NORM.S.INV(RAND()) | D17: =IF('组合输入'!$C2="","",'组合输入'!$H2*$B17+SQRT(1-'组合输入'!$H2^2)*C17) | E17: =IF(D17="","",NORM.S.DIST(D17,TRUE)) | F17: =IF(E17="","",IF(E17<='组合输入'!$K2,"AAA",IF(E17<='组合输入'!$L2,"AA",IF(E17<='组合输入'!$M2,"A",IF(E17<='组合输入'!$N2,"BBB",IF(E17<='组合输入'!$O2,"BB",IF(E17<='组合输入'!$P2,"B",IF(E17<='组合输入'!$Q2,"CCC","D"))))))) | G17: =IF(F17="","",INDEX('状态价值'!$D2:$K2,MATCH(F17,'状态价值'!$D$1:$K$1,0))) | H17: =NORM.S.INV(RAND()) | I17: =IF('组合输入'!$C3="","",'组合输入'!$H3*$B17+SQRT(1-'组合输入'!$H3^2)*H17) | J17: =IF(I17="","",NORM.S.DIST(I17,TRUE)) | K17: =IF(J17="","",IF(J17<='组合输入'!$K3,"AAA",IF(J17<='组合输入'!$L3,"AA",IF(J17<='组合输入'!$M3,"A",IF(J17<='组合输入'!$N3,"BBB",IF(J17<='组合输入'!$O3,"BB",IF(J17<='组合输入'!$P3,"B",IF(J17<='组合输入'!$Q3,"CCC","D"))))))) | L17: =IF(K17="","",INDEX('状态价值'!$D3:$K3,MATCH(K17,'状态价值'!$D$1:$K$1,0))) | M17: =NORM.S.INV(RAND()) | N17: =IF('组合输入'!$C4="","",'组合输入'!$H4*$B17+SQRT(1-'组合输入'!$H4^2)*M17) | O17: =IF(N17="","",NORM.S.DIST(N17,TRUE)) | P17: =IF(O17="","",IF(O17<='组合输入'!$K4,"AAA",IF(O17<='组合输入'!$L4,"AA",IF(O17<='组合输入'!$M4,"A",IF(O17<='组合输入'!$N4,"BBB",IF(O17<='组合输入'!$O4,"BB",IF(O17<='组合输入'!$P4,"B",IF(O17<='组合输入'!$Q4,"CCC","D"))))))) | Q17: =IF(P17="","",INDEX('状态价值'!$D4:$K4,MATCH(P17,'状态价值'!$D$1:$K$1,0))) | R17: =NORM.S.INV(RAND()) | S17: =IF('组合输入'!$C5="","",'组合输入'!$H5*$B17+SQRT(1-'组合输入'!$H5^2)*R17) | T17: =IF(S17="","",NORM.S.DIST(S17,TRUE)) | U17: =IF(T17="","",IF(T17<='组合输入'!$K5,"AAA",IF(T17<='组合输入'!$L5,"AA",IF(T17<='组合输入'!$M5,"A",IF(T17<='组合输入'!$N5,"BBB",IF(T17<='组合输入'!$O5,"BB",IF(T17<='组合输入'!$P5,"B",IF(T17<='组合输入'!$Q5,"CCC","D"))))))) | V17: =IF(U17="","",INDEX('状态价值'!$D5:$K5,MATCH(U17,'状态价值'!$D$1:$K$1,0))) | W17: =NORM.S.INV(RAND()) | X17: =IF('组合输入'!$C6="","",'组合输入'!$H6*$B17+SQRT(1-'组合输入'!$H6^2)*W17) | Y17: =IF(X17="","",NORM.S.DIST(X17,TRUE)) | Z17: =IF(Y17="","",IF(Y17<='组合输入'!$K6,"AAA",IF(Y17<='组合输入'!$L6,"AA",IF(Y17<='组合输入'!$M6,"A",IF(Y17<='组合输入'!$N6,"BBB",IF(Y17<='组合输入'!$O6,"BB",IF(Y17<='组合输入'!$P6,"B",IF(Y17<='组合输入'!$Q6,"CCC","D"))))))) | AA17: =IF(Z17="","",INDEX('状态价值'!$D6:$K6,MATCH(Z17,'状态价值'!$D$1:$K$1,0))) | AB17: =NORM.S.INV(RAND()) | AC17: =IF('组合输入'!$C7="","",'组合输入'!$H7*$B17+SQRT(1-'组合输入'!$H7^2)*AB17) | AD17: =IF(AC17="","",NORM.S.DIST(AC17,TRUE)) | AE17: =IF(AD17="","",IF(AD17<='组合输入'!$K7,"AAA",IF(AD17<='组合输入'!$L7,"AA",IF(AD17<='组合输入'!$M7,"A",IF(AD17<='组合输入'!$N7,"BBB",IF(AD17<='组合输入'!$O7,"BB",IF(AD17<='组合输入'!$P7,"B",IF(AD17<='组合输入'!$Q7,"CCC","D"))))))) | AF17: =IF(AE17="","",INDEX('状态价值'!$D7:$K7,MATCH(AE17,'状态价值'!$D$1:$K$1,0))) | AG17: =NORM.S.INV(RAND()) | AH17: =IF('组合输入'!$C8="","",'组合输入'!$H8*$B17+SQRT(1-'组合输入'!$H8^2)*AG17) | AI17: =IF(AH17="","",NORM.S.DIST(AH17,TRUE)) | AJ17: =IF(AI17="","",IF(AI17<='组合输入'!$K8,"AAA",IF(AI17<='组合输入'!$L8,"AA",IF(AI17<='组合输入'!$M8,"A",IF(AI17<='组合输入'!$N8,"BBB",IF(AI17<='组合输入'!$O8,"BB",IF(AI17<='组合输入'!$P8,"B",IF(AI17<='组合输入'!$Q8,"CCC","D"))))))) | AK17: =IF(AJ17="","",INDEX('状态价值'!$D8:$K8,MATCH(AJ17,'状态价值'!$D$1:$K$1,0))) | AL17: =NORM.S.INV(RAND()) | AM17: =IF('组合输入'!$C9="","",'组合输入'!$H9*$B17+SQRT(1-'组合输入'!$H9^2)*AL17) | AN17: =IF(AM17="","",NORM.S.DIST(AM17,TRUE)) | AO17: =IF(AN17="","",IF(AN17<='组合输入'!$K9,"AAA",IF(AN17<='组合输入'!$L9,"AA",IF(AN17<='组合输入'!$M9,"A",IF(AN17<='组合输入'!$N9,"BBB",IF(AN17<='组合输入'!$O9,"BB",IF(AN17<='组合输入'!$P9,"B",IF(AN17<='组合输入'!$Q9,"CCC","D"))))))) | AP17: =IF(AO17="","",INDEX('状态价值'!$D9:$K9,MATCH(AO17,'状态价值'!$D$1:$K$1,0))) | AQ17: =NORM.S.INV(RAND()) | AR17: =IF('组合输入'!$C10="","",'组合输入'!$H10*$B17+SQRT(1-'组合输入'!$H10^2)*AQ17) | AS17: =IF(AR17="","",NORM.S.DIST(AR17,TRUE)) | AT17: =IF(AS17="","",IF(AS17<='组合输入'!$K10,"AAA",IF(AS17<='组合输入'!$L10,"AA",IF(AS17<='组合输入'!$M10,"A",IF(AS17<='组合输入'!$N10,"BBB",IF(AS17<='组合输入'!$O10,"BB",IF(AS17<='组合输入'!$P10,"B",IF(AS17<='组合输入'!$Q10,"CCC","D"))))))) | AU17: =IF(AT17="","",INDEX('状态价值'!$D10:$K10,MATCH(AT17,'状态价值'!$D$1:$K$1,0))) | AV17: =NORM.S.INV(RAND()) | AW17: =IF('组合输入'!$C11="","",'组合输入'!$H11*$B17+SQRT(1-'组合输入'!$H11^2)*AV17) | AX17: =IF(AW17="","",NORM.S.DIST(AW17,TRUE)) | AY17: =IF(AX17="","",IF(AX17<='组合输入'!$K11,"AAA",IF(AX17<='组合输入'!$L11,"AA",IF(AX17<='组合输入'!$M11,"A",IF(AX17<='组合输入'!$N11,"BBB",IF(AX17<='组合输入'!$O11,"BB",IF(AX17<='组合输入'!$P11,"B",IF(AX17<='组合输入'!$Q11,"CCC","D"))))))) | AZ17: =IF(AY17="","",INDEX('状态价值'!$D11:$K11,MATCH(AY17,'状态价值'!$D$1:$K$1,0))) | BA17: =G17+L17+Q17+V17+AA17+AF17+AK17+AP17+AU17+AZ17 | BB17: =SUM('组合输入'!$J$2:$J$11)-BA17
A18: 17 | B18: =NORM.S.INV(RAND()) | C18: =NORM.S.INV(RAND()) | D18: =IF('组合输入'!$C2="","",'组合输入'!$H2*$B18+SQRT(1-'组合输入'!$H2^2)*C18) | E18: =IF(D18="","",NORM.S.DIST(D18,TRUE)) | F18: =IF(E18="","",IF(E18<='组合输入'!$K2,"AAA",IF(E18<='组合输入'!$L2,"AA",IF(E18<='组合输入'!$M2,"A",IF(E18<='组合输入'!$N2,"BBB",IF(E18<='组合输入'!$O2,"BB",IF(E18<='组合输入'!$P2,"B",IF(E18<='组合输入'!$Q2,"CCC","D"))))))) | G18: =IF(F18="","",INDEX('状态价值'!$D2:$K2,MATCH(F18,'状态价值'!$D$1:$K$1,0))) | H18: =NORM.S.INV(RAND()) | I18: =IF('组合输入'!$C3="","",'组合输入'!$H3*$B18+SQRT(1-'组合输入'!$H3^2)*H18) | J18: =IF(I18="","",NORM.S.DIST(I18,TRUE)) | K18: =IF(J18="","",IF(J18<='组合输入'!$K3,"AAA",IF(J18<='组合输入'!$L3,"AA",IF(J18<='组合输入'!$M3,"A",IF(J18<='组合输入'!$N3,"BBB",IF(J18<='组合输入'!$O3,"BB",IF(J18<='组合输入'!$P3,"B",IF(J18<='组合输入'!$Q3,"CCC","D"))))))) | L18: =IF(K18="","",INDEX('状态价值'!$D3:$K3,MATCH(K18,'状态价值'!$D$1:$K$1,0))) | M18: =NORM.S.INV(RAND()) | N18: =IF('组合输入'!$C4="","",'组合输入'!$H4*$B18+SQRT(1-'组合输入'!$H4^2)*M18) | O18: =IF(N18="","",NORM.S.DIST(N18,TRUE)) | P18: =IF(O18="","",IF(O18<='组合输入'!$K4,"AAA",IF(O18<='组合输入'!$L4,"AA",IF(O18<='组合输入'!$M4,"A",IF(O18<='组合输入'!$N4,"BBB",IF(O18<='组合输入'!$O4,"BB",IF(O18<='组合输入'!$P4,"B",IF(O18<='组合输入'!$Q4,"CCC","D"))))))) | Q18: =IF(P18="","",INDEX('状态价值'!$D4:$K4,MATCH(P18,'状态价值'!$D$1:$K$1,0))) | R18: =NORM.S.INV(RAND()) | S18: =IF('组合输入'!$C5="","",'组合输入'!$H5*$B18+SQRT(1-'组合输入'!$H5^2)*R18) | T18: =IF(S18="","",NORM.S.DIST(S18,TRUE)) | U18: =IF(T18="","",IF(T18<='组合输入'!$K5,"AAA",IF(T18<='组合输入'!$L5,"AA",IF(T18<='组合输入'!$M5,"A",IF(T18<='组合输入'!$N5,"BBB",IF(T18<='组合输入'!$O5,"BB",IF(T18<='组合输入'!$P5,"B",IF(T18<='组合输入'!$Q5,"CCC","D"))))))) | V18: =IF(U18="","",INDEX('状态价值'!$D5:$K5,MATCH(U18,'状态价值'!$D$1:$K$1,0))) | W18: =NORM.S.INV(RAND()) | X18: =IF('组合输入'!$C6="","",'组合输入'!$H6*$B18+SQRT(1-'组合输入'!$H6^2)*W18) | Y18: =IF(X18="","",NORM.S.DIST(X18,TRUE)) | Z18: =IF(Y18="","",IF(Y18<='组合输入'!$K6,"AAA",IF(Y18<='组合输入'!$L6,"AA",IF(Y18<='组合输入'!$M6,"A",IF(Y18<='组合输入'!$N6,"BBB",IF(Y18<='组合输入'!$O6,"BB",IF(Y18<='组合输入'!$P6,"B",IF(Y18<='组合输入'!$Q6,"CCC","D"))))))) | AA18: =IF(Z18="","",INDEX('状态价值'!$D6:$K6,MATCH(Z18,'状态价值'!$D$1:$K$1,0))) | AB18: =NORM.S.INV(RAND()) | AC18: =IF('组合输入'!$C7="","",'组合输入'!$H7*$B18+SQRT(1-'组合输入'!$H7^2)*AB18) | AD18: =IF(AC18="","",NORM.S.DIST(AC18,TRUE)) | AE18: =IF(AD18="","",IF(AD18<='组合输入'!$K7,"AAA",IF(AD18<='组合输入'!$L7,"AA",IF(AD18<='组合输入'!$M7,"A",IF(AD18<='组合输入'!$N7,"BBB",IF(AD18<='组合输入'!$O7,"BB",IF(AD18<='组合输入'!$P7,"B",IF(AD18<='组合输入'!$Q7,"CCC","D"))))))) | AF18: =IF(AE18="","",INDEX('状态价值'!$D7:$K7,MATCH(AE18,'状态价值'!$D$1:$K$1,0))) | AG18: =NORM.S.INV(RAND()) | AH18: =IF('组合输入'!$C8="","",'组合输入'!$H8*$B18+SQRT(1-'组合输入'!$H8^2)*AG18) | AI18: =IF(AH18="","",NORM.S.DIST(AH18,TRUE)) | AJ18: =IF(AI18="","",IF(AI18<='组合输入'!$K8,"AAA",IF(AI18<='组合输入'!$L8,"AA",IF(AI18<='组合输入'!$M8,"A",IF(AI18<='组合输入'!$N8,"BBB",IF(AI18<='组合输入'!$O8,"BB",IF(AI18<='组合输入'!$P8,"B",IF(AI18<='组合输入'!$Q8,"CCC","D"))))))) | AK18: =IF(AJ18="","",INDEX('状态价值'!$D8:$K8,MATCH(AJ18,'状态价值'!$D$1:$K$1,0))) | AL18: =NORM.S.INV(RAND()) | AM18: =IF('组合输入'!$C9="","",'组合输入'!$H9*$B18+SQRT(1-'组合输入'!$H9^2)*AL18) | AN18: =IF(AM18="","",NORM.S.DIST(AM18,TRUE)) | AO18: =IF(AN18="","",IF(AN18<='组合输入'!$K9,"AAA",IF(AN18<='组合输入'!$L9,"AA",IF(AN18<='组合输入'!$M9,"A",IF(AN18<='组合输入'!$N9,"BBB",IF(AN18<='组合输入'!$O9,"BB",IF(AN18<='组合输入'!$P9,"B",IF(AN18<='组合输入'!$Q9,"CCC","D"))))))) | AP18: =IF(AO18="","",INDEX('状态价值'!$D9:$K9,MATCH(AO18,'状态价值'!$D$1:$K$1,0))) | AQ18: =NORM.S.INV(RAND()) | AR18: =IF('组合输入'!$C10="","",'组合输入'!$H10*$B18+SQRT(1-'组合输入'!$H10^2)*AQ18) | AS18: =IF(AR18="","",NORM.S.DIST(AR18,TRUE)) | AT18: =IF(AS18="","",IF(AS18<='组合输入'!$K10,"AAA",IF(AS18<='组合输入'!$L10,"AA",IF(AS18<='组合输入'!$M10,"A",IF(AS18<='组合输入'!$N10,"BBB",IF(AS18<='组合输入'!$O10,"BB",IF(AS18<='组合输入'!$P10,"B",IF(AS18<='组合输入'!$Q10,"CCC","D"))))))) | AU18: =IF(AT18="","",INDEX('状态价值'!$D10:$K10,MATCH(AT18,'状态价值'!$D$1:$K$1,0))) | AV18: =NORM.S.INV(RAND()) | AW18: =IF('组合输入'!$C11="","",'组合输入'!$H11*$B18+SQRT(1-'组合输入'!$H11^2)*AV18) | AX18: =IF(AW18="","",NORM.S.DIST(AW18,TRUE)) | AY18: =IF(AX18="","",IF(AX18<='组合输入'!$K11,"AAA",IF(AX18<='组合输入'!$L11,"AA",IF(AX18<='组合输入'!$M11,"A",IF(AX18<='组合输入'!$N11,"BBB",IF(AX18<='组合输入'!$O11,"BB",IF(AX18<='组合输入'!$P11,"B",IF(AX18<='组合输入'!$Q11,"CCC","D"))))))) | AZ18: =IF(AY18="","",INDEX('状态价值'!$D11:$K11,MATCH(AY18,'状态价值'!$D$1:$K$1,0))) | BA18: =G18+L18+Q18+V18+AA18+AF18+AK18+AP18+AU18+AZ18 | BB18: =SUM('组合输入'!$J$2:$J$11)-BA18
A19: 18 | B19: =NORM.S.INV(RAND()) | C19: =NORM.S.INV(RAND()) | D19: =IF('组合输入'!$C2="","",'组合输入'!$H2*$B19+SQRT(1-'组合输入'!$H2^2)*C19) | E19: =IF(D19="","",NORM.S.DIST(D19,TRUE)) | F19: =IF(E19="","",IF(E19<='组合输入'!$K2,"AAA",IF(E19<='组合输入'!$L2,"AA",IF(E19<='组合输入'!$M2,"A",IF(E19<='组合输入'!$N2,"BBB",IF(E19<='组合输入'!$O2,"BB",IF(E19<='组合输入'!$P2,"B",IF(E19<='组合输入'!$Q2,"CCC","D"))))))) | G19: =IF(F19="","",INDEX('状态价值'!$D2:$K2,MATCH(F19,'状态价值'!$D$1:$K$1,0))) | H19: =NORM.S.INV(RAND()) | I19: =IF('组合输入'!$C3="","",'组合输入'!$H3*$B19+SQRT(1-'组合输入'!$H3^2)*H19) | J19: =IF(I19="","",NORM.S.DIST(I19,TRUE)) | K19: =IF(J19="","",IF(J19<='组合输入'!$K3,"AAA",IF(J19<='组合输入'!$L3,"AA",IF(J19<='组合输入'!$M3,"A",IF(J19<='组合输入'!$N3,"BBB",IF(J19<='组合输入'!$O3,"BB",IF(J19<='组合输入'!$P3,"B",IF(J19<='组合输入'!$Q3,"CCC","D"))))))) | L19: =IF(K19="","",INDEX('状态价值'!$D3:$K3,MATCH(K19,'状态价值'!$D$1:$K$1,0))) | M19: =NORM.S.INV(RAND()) | N19: =IF('组合输入'!$C4="","",'组合输入'!$H4*$B19+SQRT(1-'组合输入'!$H4^2)*M19) | O19: =IF(N19="","",NORM.S.DIST(N19,TRUE)) | P19: =IF(O19="","",IF(O19<='组合输入'!$K4,"AAA",IF(O19<='组合输入'!$L4,"AA",IF(O19<='组合输入'!$M4,"A",IF(O19<='组合输入'!$N4,"BBB",IF(O19<='组合输入'!$O4,"BB",IF(O19<='组合输入'!$P4,"B",IF(O19<='组合输入'!$Q4,"CCC","D"))))))) | Q19: =IF(P19="","",INDEX('状态价值'!$D4:$K4,MATCH(P19,'状态价值'!$D$1:$K$1,0))) | R19: =NORM.S.INV(RAND()) | S19: =IF('组合输入'!$C5="","",'组合输入'!$H5*$B19+SQRT(1-'组合输入'!$H5^2)*R19) | T19: =IF(S19="","",NORM.S.DIST(S19,TRUE)) | U19: =IF(T19="","",IF(T19<='组合输入'!$K5,"AAA",IF(T19<='组合输入'!$L5,"AA",IF(T19<='组合输入'!$M5,"A",IF(T19<='组合输入'!$N5,"BBB",IF(T19<='组合输入'!$O5,"BB",IF(T19<='组合输入'!$P5,"B",IF(T19<='组合输入'!$Q5,"CCC","D"))))))) | V19: =IF(U19="","",INDEX('状态价值'!$D5:$K5,MATCH(U19,'状态价值'!$D$1:$K$1,0))) | W19: =NORM.S.INV(RAND()) | X19: =IF('组合输入'!$C6="","",'组合输入'!$H6*$B19+SQRT(1-'组合输入'!$H6^2)*W19) | Y19: =IF(X19="","",NORM.S.DIST(X19,TRUE)) | Z19: =IF(Y19="","",IF(Y19<='组合输入'!$K6,"AAA",IF(Y19<='组合输入'!$L6,"AA",IF(Y19<='组合输入'!$M6,"A",IF(Y19<='组合输入'!$N6,"BBB",IF(Y19<='组合输入'!$O6,"BB",IF(Y19<='组合输入'!$P6,"B",IF(Y19<='组合输入'!$Q6,"CCC","D"))))))) | AA19: =IF(Z19="","",INDEX('状态价值'!$D6:$K6,MATCH(Z19,'状态价值'!$D$1:$K$1,0))) | AB19: =NORM.S.INV(RAND()) | AC19: =IF('组合输入'!$C7="","",'组合输入'!$H7*$B19+SQRT(1-'组合输入'!$H7^2)*AB19) | AD19: =IF(AC19="","",NORM.S.DIST(AC19,TRUE)) | AE19: =IF(AD19="","",IF(AD19<='组合输入'!$K7,"AAA",IF(AD19<='组合输入'!$L7,"AA",IF(AD19<='组合输入'!$M7,"A",IF(AD19<='组合输入'!$N7,"BBB",IF(AD19<='组合输入'!$O7,"BB",IF(AD19<='组合输入'!$P7,"B",IF(AD19<='组合输入'!$Q7,"CCC","D"))))))) | AF19: =IF(AE19="","",INDEX('状态价值'!$D7:$K7,MATCH(AE19,'状态价值'!$D$1:$K$1,0))) | AG19: =NORM.S.INV(RAND()) | AH19: =IF('组合输入'!$C8="","",'组合输入'!$H8*$B19+SQRT(1-'组合输入'!$H8^2)*AG19) | AI19: =IF(AH19="","",NORM.S.DIST(AH19,TRUE)) | AJ19: =IF(AI19="","",IF(AI19<='组合输入'!$K8,"AAA",IF(AI19<='组合输入'!$L8,"AA",IF(AI19<='组合输入'!$M8,"A",IF(AI19<='组合输入'!$N8,"BBB",IF(AI19<='组合输入'!$O8,"BB",IF(AI19<='组合输入'!$P8,"B",IF(AI19<='组合输入'!$Q8,"CCC","D"))))))) | AK19: =IF(AJ19="","",INDEX('状态价值'!$D8:$K8,MATCH(AJ19,'状态价值'!$D$1:$K$1,0))) | AL19: =NORM.S.INV(RAND()) | AM19: =IF('组合输入'!$C9="","",'组合输入'!$H9*$B19+SQRT(1-'组合输入'!$H9^2)*AL19) | AN19: =IF(AM19="","",NORM.S.DIST(AM19,TRUE)) | AO19: =IF(AN19="","",IF(AN19<='组合输入'!$K9,"AAA",IF(AN19<='组合输入'!$L9,"AA",IF(AN19<='组合输入'!$M9,"A",IF(AN19<='组合输入'!$N9,"BBB",IF(AN19<='组合输入'!$O9,"BB",IF(AN19<='组合输入'!$P9,"B",IF(AN19<='组合输入'!$Q9,"CCC","D"))))))) | AP19: =IF(AO19="","",INDEX('状态价值'!$D9:$K9,MATCH(AO19,'状态价值'!$D$1:$K$1,0))) | AQ19: =NORM.S.INV(RAND()) | AR19: =IF('组合输入'!$C10="","",'组合输入'!$H10*$B19+SQRT(1-'组合输入'!$H10^2)*AQ19) | AS19: =IF(AR19="","",NORM.S.DIST(AR19,TRUE)) | AT19: =IF(AS19="","",IF(AS19<='组合输入'!$K10,"AAA",IF(AS19<='组合输入'!$L10,"AA",IF(AS19<='组合输入'!$M10,"A",IF(AS19<='组合输入'!$N10,"BBB",IF(AS19<='组合输入'!$O10,"BB",IF(AS19<='组合输入'!$P10,"B",IF(AS19<='组合输入'!$Q10,"CCC","D"))))))) | AU19: =IF(AT19="","",INDEX('状态价值'!$D10:$K10,MATCH(AT19,'状态价值'!$D$1:$K$1,0))) | AV19: =NORM.S.INV(RAND()) | AW19: =IF('组合输入'!$C11="","",'组合输入'!$H11*$B19+SQRT(1-'组合输入'!$H11^2)*AV19) | AX19: =IF(AW19="","",NORM.S.DIST(AW19,TRUE)) | AY19: =IF(AX19="","",IF(AX19<='组合输入'!$K11,"AAA",IF(AX19<='组合输入'!$L11,"AA",IF(AX19<='组合输入'!$M11,"A",IF(AX19<='组合输入'!$N11,"BBB",IF(AX19<='组合输入'!$O11,"BB",IF(AX19<='组合输入'!$P11,"B",IF(AX19<='组合输入'!$Q11,"CCC","D"))))))) | AZ19: =IF(AY19="","",INDEX('状态价值'!$D11:$K11,MATCH(AY19,'状态价值'!$D$1:$K$1,0))) | BA19: =G19+L19+Q19+V19+AA19+AF19+AK19+AP19+AU19+AZ19 | BB19: =SUM('组合输入'!$J$2:$J$11)-BA19
A20: 19 | B20: =NORM.S.INV(RAND()) | C20: =NORM.S.INV(RAND()) | D20: =IF('组合输入'!$C2="","",'组合输入'!$H2*$B20+SQRT(1-'组合输入'!$H2^2)*C20) | E20: =IF(D20="","",NORM.S.DIST(D20,TRUE)) | F20: =IF(E20="","",IF(E20<='组合输入'!$K2,"AAA",IF(E20<='组合输入'!$L2,"AA",IF(E20<='组合输入'!$M2,"A",IF(E20<='组合输入'!$N2,"BBB",IF(E20<='组合输入'!$O2,"BB",IF(E20<='组合输入'!$P2,"B",IF(E20<='组合输入'!$Q2,"CCC","D"))))))) | G20: =IF(F20="","",INDEX('状态价值'!$D2:$K2,MATCH(F20,'状态价值'!$D$1:$K$1,0))) | H20: =NORM.S.INV(RAND()) | I20: =IF('组合输入'!$C3="","",'组合输入'!$H3*$B20+SQRT(1-'组合输入'!$H3^2)*H20) | J20: =IF(I20="","",NORM.S.DIST(I20,TRUE)) | K20: =IF(J20="","",IF(J20<='组合输入'!$K3,"AAA",IF(J20<='组合输入'!$L3,"AA",IF(J20<='组合输入'!$M3,"A",IF(J20<='组合输入'!$N3,"BBB",IF(J20<='组合输入'!$O3,"BB",IF(J20<='组合输入'!$P3,"B",IF(J20<='组合输入'!$Q3,"CCC","D"))))))) | L20: =IF(K20="","",INDEX('状态价值'!$D3:$K3,MATCH(K20,'状态价值'!$D$1:$K$1,0))) | M20: =NORM.S.INV(RAND()) | N20: =IF('组合输入'!$C4="","",'组合输入'!$H4*$B20+SQRT(1-'组合输入'!$H4^2)*M20) | O20: =IF(N20="","",NORM.S.DIST(N20,TRUE)) | P20: =IF(O20="","",IF(O20<='组合输入'!$K4,"AAA",IF(O20<='组合输入'!$L4,"AA",IF(O20<='组合输入'!$M4,"A",IF(O20<='组合输入'!$N4,"BBB",IF(O20<='组合输入'!$O4,"BB",IF(O20<='组合输入'!$P4,"B",IF(O20<='组合输入'!$Q4,"CCC","D"))))))) | Q20: =IF(P20="","",INDEX('状态价值'!$D4:$K4,MATCH(P20,'状态价值'!$D$1:$K$1,0))) | R20: =NORM.S.INV(RAND()) | S20: =IF('组合输入'!$C5="","",'组合输入'!$H5*$B20+SQRT(1-'组合输入'!$H5^2)*R20) | T20: =IF(S20="","",NORM.S.DIST(S20,TRUE)) | U20: =IF(T20="","",IF(T20<='组合输入'!$K5,"AAA",IF(T20<='组合输入'!$L5,"AA",IF(T20<='组合输入'!$M5,"A",IF(T20<='组合输入'!$N5,"BBB",IF(T20<='组合输入'!$O5,"BB",IF(T20<='组合输入'!$P5,"B",IF(T20<='组合输入'!$Q5,"CCC","D"))))))) | V20: =IF(U20="","",INDEX('状态价值'!$D5:$K5,MATCH(U20,'状态价值'!$D$1:$K$1,0))) | W20: =NORM.S.INV(RAND()) | X20: =IF('组合输入'!$C6="","",'组合输入'!$H6*$B20+SQRT(1-'组合输入'!$H6^2)*W20) | Y20: =IF(X20="","",NORM.S.DIST(X20,TRUE)) | Z20: =IF(Y20="","",IF(Y20<='组合输入'!$K6,"AAA",IF(Y20<='组合输入'!$L6,"AA",IF(Y20<='组合输入'!$M6,"A",IF(Y20<='组合输入'!$N6,"BBB",IF(Y20<='组合输入'!$O6,"BB",IF(Y20<='组合输入'!$P6,"B",IF(Y20<='组合输入'!$Q6,"CCC","D"))))))) | AA20: =IF(Z20="","",INDEX('状态价值'!$D6:$K6,MATCH(Z20,'状态价值'!$D$1:$K$1,0))) | AB20: =NORM.S.INV(RAND()) | AC20: =IF('组合输入'!$C7="","",'组合输入'!$H7*$B20+SQRT(1-'组合输入'!$H7^2)*AB20) | AD20: =IF(AC20="","",NORM.S.DIST(AC20,TRUE)) | AE20: =IF(AD20="","",IF(AD20<='组合输入'!$K7,"AAA",IF(AD20<='组合输入'!$L7,"AA",IF(AD20<='组合输入'!$M7,"A",IF(AD20<='组合输入'!$N7,"BBB",IF(AD20<='组合输入'!$O7,"BB",IF(AD20<='组合输入'!$P7,"B",IF(AD20<='组合输入'!$Q7,"CCC","D"))))))) | AF20: =IF(AE20="","",INDEX('状态价值'!$D7:$K7,MATCH(AE20,'状态价值'!$D$1:$K$1,0))) | AG20: =NORM.S.INV(RAND()) | AH20: =IF('组合输入'!$C8="","",'组合输入'!$H8*$B20+SQRT(1-'组合输入'!$H8^2)*AG20) | AI20: =IF(AH20="","",NORM.S.DIST(AH20,TRUE)) | AJ20: =IF(AI20="","",IF(AI20<='组合输入'!$K8,"AAA",IF(AI20<='组合输入'!$L8,"AA",IF(AI20<='组合输入'!$M8,"A",IF(AI20<='组合输入'!$N8,"BBB",IF(AI20<='组合输入'!$O8,"BB",IF(AI20<='组合输入'!$P8,"B",IF(AI20<='组合输入'!$Q8,"CCC","D"))))))) | AK20: =IF(AJ20="","",INDEX('状态价值'!$D8:$K8,MATCH(AJ20,'状态价值'!$D$1:$K$1,0))) | AL20: =NORM.S.INV(RAND()) | AM20: =IF('组合输入'!$C9="","",'组合输入'!$H9*$B20+SQRT(1-'组合输入'!$H9^2)*AL20) | AN20: =IF(AM20="","",NORM.S.DIST(AM20,TRUE)) | AO20: =IF(AN20="","",IF(AN20<='组合输入'!$K9,"AAA",IF(AN20<='组合输入'!$L9,"AA",IF(AN20<='组合输入'!$M9,"A",IF(AN20<='组合输入'!$N9,"BBB",IF(AN20<='组合输入'!$O9,"BB",IF(AN20<='组合输入'!$P9,"B",IF(AN20<='组合输入'!$Q9,"CCC","D"))))))) | AP20: =IF(AO20="","",INDEX('状态价值'!$D9:$K9,MATCH(AO20,'状态价值'!$D$1:$K$1,0))) | AQ20: =NORM.S.INV(RAND()) | AR20: =IF('组合输入'!$C10="","",'组合输入'!$H10*$B20+SQRT(1-'组合输入'!$H10^2)*AQ20) | AS20: =IF(AR20="","",NORM.S.DIST(AR20,TRUE)) | AT20: =IF(AS20="","",IF(AS20<='组合输入'!$K10,"AAA",IF(AS20<='组合输入'!$L10,"AA",IF(AS20<='组合输入'!$M10,"A",IF(AS20<='组合输入'!$N10,"BBB",IF(AS20<='组合输入'!$O10,"BB",IF(AS20<='组合输入'!$P10,"B",IF(AS20<='组合输入'!$Q10,"CCC","D"))))))) | AU20: =IF(AT20="","",INDEX('状态价值'!$D10:$K10,MATCH(AT20,'状态价值'!$D$1:$K$1,0))) | AV20: =NORM.S.INV(RAND()) | AW20: =IF('组合输入'!$C11="","",'组合输入'!$H11*$B20+SQRT(1-'组合输入'!$H11^2)*AV20) | AX20: =IF(AW20="","",NORM.S.DIST(AW20,TRUE)) | AY20: =IF(AX20="","",IF(AX20<='组合输入'!$K11,"AAA",IF(AX20<='组合输入'!$L11,"AA",IF(AX20<='组合输入'!$M11,"A",IF(AX20<='组合输入'!$N11,"BBB",IF(AX20<='组合输入'!$O11,"BB",IF(AX20<='组合输入'!$P11,"B",IF(AX20<='组合输入'!$Q11,"CCC","D"))))))) | AZ20: =IF(AY20="","",INDEX('状态价值'!$D11:$K11,MATCH(AY20,'状态价值'!$D$1:$K$1,0))) | BA20: =G20+L20+Q20+V20+AA20+AF20+AK20+AP20+AU20+AZ20 | BB20: =SUM('组合输入'!$J$2:$J$11)-BA20
A21: 20 | B21: =NORM.S.INV(RAND()) | C21: =NORM.S.INV(RAND()) | D21: =IF('组合输入'!$C2="","",'组合输入'!$H2*$B21+SQRT(1-'组合输入'!$H2^2)*C21) | E21: =IF(D21="","",NORM.S.DIST(D21,TRUE)) | F21: =IF(E21="","",IF(E21<='组合输入'!$K2,"AAA",IF(E21<='组合输入'!$L2,"AA",IF(E21<='组合输入'!$M2,"A",IF(E21<='组合输入'!$N2,"BBB",IF(E21<='组合输入'!$O2,"BB",IF(E21<='组合输入'!$P2,"B",IF(E21<='组合输入'!$Q2,"CCC","D"))))))) | G21: =IF(F21="","",INDEX('状态价值'!$D2:$K2,MATCH(F21,'状态价值'!$D$1:$K$1,0))) | H21: =NORM.S.INV(RAND()) | I21: =IF('组合输入'!$C3="","",'组合输入'!$H3*$B21+SQRT(1-'组合输入'!$H3^2)*H21) | J21: =IF(I21="","",NORM.S.DIST(I21,TRUE)) | K21: =IF(J21="","",IF(J21<='组合输入'!$K3,"AAA",IF(J21<='组合输入'!$L3,"AA",IF(J21<='组合输入'!$M3,"A",IF(J21<='组合输入'!$N3,"BBB",IF(J21<='组合输入'!$O3,"BB",IF(J21<='组合输入'!$P3,"B",IF(J21<='组合输入'!$Q3,"CCC","D"))))))) | L21: =IF(K21="","",INDEX('状态价值'!$D3:$K3,MATCH(K21,'状态价值'!$D$1:$K$1,0))) | M21: =NORM.S.INV(RAND()) | N21: =IF('组合输入'!$C4="","",'组合输入'!$H4*$B21+SQRT(1-'组合输入'!$H4^2)*M21) | O21: =IF(N21="","",NORM.S.DIST(N21,TRUE)) | P21: =IF(O21="","",IF(O21<='组合输入'!$K4,"AAA",IF(O21<='组合输入'!$L4,"AA",IF(O21<='组合输入'!$M4,"A",IF(O21<='组合输入'!$N4,"BBB",IF(O21<='组合输入'!$O4,"BB",IF(O21<='组合输入'!$P4,"B",IF(O21<='组合输入'!$Q4,"CCC","D"))))))) | Q21: =IF(P21="","",INDEX('状态价值'!$D4:$K4,MATCH(P21,'状态价值'!$D$1:$K$1,0))) | R21: =NORM.S.INV(RAND()) | S21: =IF('组合输入'!$C5="","",'组合输入'!$H5*$B21+SQRT(1-'组合输入'!$H5^2)*R21) | T21: =IF(S21="","",NORM.S.DIST(S21,TRUE)) | U21: =IF(T21="","",IF(T21<='组合输入'!$K5,"AAA",IF(T21<='组合输入'!$L5,"AA",IF(T21<='组合输入'!$M5,"A",IF(T21<='组合输入'!$N5,"BBB",IF(T21<='组合输入'!$O5,"BB",IF(T21<='组合输入'!$P5,"B",IF(T21<='组合输入'!$Q5,"CCC","D"))))))) | V21: =IF(U21="","",INDEX('状态价值'!$D5:$K5,MATCH(U21,'状态价值'!$D$1:$K$1,0))) | W21: =NORM.S.INV(RAND()) | X21: =IF('组合输入'!$C6="","",'组合输入'!$H6*$B21+SQRT(1-'组合输入'!$H6^2)*W21) | Y21: =IF(X21="","",NORM.S.DIST(X21,TRUE)) | Z21: =IF(Y21="","",IF(Y21<='组合输入'!$K6,"AAA",IF(Y21<='组合输入'!$L6,"AA",IF(Y21<='组合输入'!$M6,"A",IF(Y21<='组合输入'!$N6,"BBB",IF(Y21<='组合输入'!$O6,"BB",IF(Y21<='组合输入'!$P6,"B",IF(Y21<='组合输入'!$Q6,"CCC","D"))))))) | AA21: =IF(Z21="","",INDEX('状态价值'!$D6:$K6,MATCH(Z21,'状态价值'!$D$1:$K$1,0))) | AB21: =NORM.S.INV(RAND()) | AC21: =IF('组合输入'!$C7="","",'组合输入'!$H7*$B21+SQRT(1-'组合输入'!$H7^2)*AB21) | AD21: =IF(AC21="","",NORM.S.DIST(AC21,TRUE)) | AE21: =IF(AD21="","",IF(AD21<='组合输入'!$K7,"AAA",IF(AD21<='组合输入'!$L7,"AA",IF(AD21<='组合输入'!$M7,"A",IF(AD21<='组合输入'!$N7,"BBB",IF(AD21<='组合输入'!$O7,"BB",IF(AD21<='组合输入'!$P7,"B",IF(AD21<='组合输入'!$Q7,"CCC","D"))))))) | AF21: =IF(AE21="","",INDEX('状态价值'!$D7:$K7,MATCH(AE21,'状态价值'!$D$1:$K$1,0))) | AG21: =NORM.S.INV(RAND()) | AH21: =IF('组合输入'!$C8="","",'组合输入'!$H8*$B21+SQRT(1-'组合输入'!$H8^2)*AG21) | AI21: =IF(AH21="","",NORM.S.DIST(AH21,TRUE)) | AJ21: =IF(AI21="","",IF(AI21<='组合输入'!$K8,"AAA",IF(AI21<='组合输入'!$L8,"AA",IF(AI21<='组合输入'!$M8,"A",IF(AI21<='组合输入'!$N8,"BBB",IF(AI21<='组合输入'!$O8,"BB",IF(AI21<='组合输入'!$P8,"B",IF(AI21<='组合输入'!$Q8,"CCC","D"))))))) | AK21: =IF(AJ21="","",INDEX('状态价值'!$D8:$K8,MATCH(AJ21,'状态价值'!$D$1:$K$1,0))) | AL21: =NORM.S.INV(RAND()) | AM21: =IF('组合输入'!$C9="","",'组合输入'!$H9*$B21+SQRT(1-'组合输入'!$H9^2)*AL21) | AN21: =IF(AM21="","",NORM.S.DIST(AM21,TRUE)) | AO21: =IF(AN21="","",IF(AN21<='组合输入'!$K9,"AAA",IF(AN21<='组合输入'!$L9,"AA",IF(AN21<='组合输入'!$M9,"A",IF(AN21<='组合输入'!$N9,"BBB",IF(AN21<='组合输入'!$O9,"BB",IF(AN21<='组合输入'!$P9,"B",IF(AN21<='组合输入'!$Q9,"CCC","D"))))))) | AP21: =IF(AO21="","",INDEX('状态价值'!$D9:$K9,MATCH(AO21,'状态价值'!$D$1:$K$1,0))) | AQ21: =NORM.S.INV(RAND()) | AR21: =IF('组合输入'!$C10="","",'组合输入'!$H10*$B21+SQRT(1-'组合输入'!$H10^2)*AQ21) | AS21: =IF(AR21="","",NORM.S.DIST(AR21,TRUE)) | AT21: =IF(AS21="","",IF(AS21<='组合输入'!$K10,"AAA",IF(AS21<='组合输入'!$L10,"AA",IF(AS21<='组合输入'!$M10,"A",IF(AS21<='组合输入'!$N10,"BBB",IF(AS21<='组合输入'!$O10,"BB",IF(AS21<='组合输入'!$P10,"B",IF(AS21<='组合输入'!$Q10,"CCC","D"))))))) | AU21: =IF(AT21="","",INDEX('状态价值'!$D10:$K10,MATCH(AT21,'状态价值'!$D$1:$K$1,0))) | AV21: =NORM.S.INV(RAND()) | AW21: =IF('组合输入'!$C11="","",'组合输入'!$H11*$B21+SQRT(1-'组合输入'!$H11^2)*AV21) | AX21: =IF(AW21="","",NORM.S.DIST(AW21,TRUE)) | AY21: =IF(AX21="","",IF(AX21<='组合输入'!$K11,"AAA",IF(AX21<='组合输入'!$L11,"AA",IF(AX21<='组合输入'!$M11,"A",IF(AX21<='组合输入'!$N11,"BBB",IF(AX21<='组合输入'!$O11,"BB",IF(AX21<='组合输入'!$P11,"B",IF(AX21<='组合输入'!$Q11,"CCC","D"))))))) | AZ21: =IF(AY21="","",INDEX('状态价值'!$D11:$K11,MATCH(AY21,'状态价值'!$D$1:$K$1,0))) | BA21: =G21+L21+Q21+V21+AA21+AF21+AK21+AP21+AU21+AZ21 | BB21: =SUM('组合输入'!$J$2:$J$11)-BA21
A22: 21 | B22: =NORM.S.INV(RAND()) | C22: =NORM.S.INV(RAND()) | D22: =IF('组合输入'!$C2="","",'组合输入'!$H2*$B22+SQRT(1-'组合输入'!$H2^2)*C22) | E22: =IF(D22="","",NORM.S.DIST(D22,TRUE)) | F22: =IF(E22="","",IF(E22<='组合输入'!$K2,"AAA",IF(E22<='组合输入'!$L2,"AA",IF(E22<='组合输入'!$M2,"A",IF(E22<='组合输入'!$N2,"BBB",IF(E22<='组合输入'!$O2,"BB",IF(E22<='组合输入'!$P2,"B",IF(E22<='组合输入'!$Q2,"CCC","D"))))))) | G22: =IF(F22="","",INDEX('状态价值'!$D2:$K2,MATCH(F22,'状态价值'!$D$1:$K$1,0))) | H22: =NORM.S.INV(RAND()) | I22: =IF('组合输入'!$C3="","",'组合输入'!$H3*$B22+SQRT(1-'组合输入'!$H3^2)*H22) | J22: =IF(I22="","",NORM.S.DIST(I22,TRUE)) | K22: =IF(J22="","",IF(J22<='组合输入'!$K3,"AAA",IF(J22<='组合输入'!$L3,"AA",IF(J22<='组合输入'!$M3,"A",IF(J22<='组合输入'!$N3,"BBB",IF(J22<='组合输入'!$O3,"BB",IF(J22<='组合输入'!$P3,"B",IF(J22<='组合输入'!$Q3,"CCC","D"))))))) | L22: =IF(K22="","",INDEX('状态价值'!$D3:$K3,MATCH(K22,'状态价值'!$D$1:$K$1,0))) | M22: =NORM.S.INV(RAND()) | N22: =IF('组合输入'!$C4="","",'组合输入'!$H4*$B22+SQRT(1-'组合输入'!$H4^2)*M22) | O22: =IF(N22="","",NORM.S.DIST(N22,TRUE)) | P22: =IF(O22="","",IF(O22<='组合输入'!$K4,"AAA",IF(O22<='组合输入'!$L4,"AA",IF(O22<='组合输入'!$M4,"A",IF(O22<='组合输入'!$N4,"BBB",IF(O22<='组合输入'!$O4,"BB",IF(O22<='组合输入'!$P4,"B",IF(O22<='组合输入'!$Q4,"CCC","D"))))))) | Q22: =IF(P22="","",INDEX('状态价值'!$D4:$K4,MATCH(P22,'状态价值'!$D$1:$K$1,0))) | R22: =NORM.S.INV(RAND()) | S22: =IF('组合输入'!$C5="","",'组合输入'!$H5*$B22+SQRT(1-'组合输入'!$H5^2)*R22) | T22: =IF(S22="","",NORM.S.DIST(S22,TRUE)) | U22: =IF(T22="","",IF(T22<='组合输入'!$K5,"AAA",IF(T22<='组合输入'!$L5,"AA",IF(T22<='组合输入'!$M5,"A",IF(T22<='组合输入'!$N5,"BBB",IF(T22<='组合输入'!$O5,"BB",IF(T22<='组合输入'!$P5,"B",IF(T22<='组合输入'!$Q5,"CCC","D"))))))) | V22: =IF(U22="","",INDEX('状态价值'!$D5:$K5,MATCH(U22,'状态价值'!$D$1:$K$1,0))) | W22: =NORM.S.INV(RAND()) | X22: =IF('组合输入'!$C6="","",'组合输入'!$H6*$B22+SQRT(1-'组合输入'!$H6^2)*W22) | Y22: =IF(X22="","",NORM.S.DIST(X22,TRUE)) | Z22: =IF(Y22="","",IF(Y22<='组合输入'!$K6,"AAA",IF(Y22<='组合输入'!$L6,"AA",IF(Y22<='组合输入'!$M6,"A",IF(Y22<='组合输入'!$N6,"BBB",IF(Y22<='组合输入'!$O6,"BB",IF(Y22<='组合输入'!$P6,"B",IF(Y22<='组合输入'!$Q6,"CCC","D"))))))) | AA22: =IF(Z22="","",INDEX('状态价值'!$D6:$K6,MATCH(Z22,'状态价值'!$D$1:$K$1,0))) | AB22: =NORM.S.INV(RAND()) | AC22: =IF('组合输入'!$C7="","",'组合输入'!$H7*$B22+SQRT(1-'组合输入'!$H7^2)*AB22) | AD22: =IF(AC22="","",NORM.S.DIST(AC22,TRUE)) | AE22: =IF(AD22="","",IF(AD22<='组合输入'!$K7,"AAA",IF(AD22<='组合输入'!$L7,"AA",IF(AD22<='组合输入'!$M7,"A",IF(AD22<='组合输入'!$N7,"BBB",IF(AD22<='组合输入'!$O7,"BB",IF(AD22<='组合输入'!$P7,"B",IF(AD22<='组合输入'!$Q7,"CCC","D"))))))) | AF22: =IF(AE22="","",INDEX('状态价值'!$D7:$K7,MATCH(AE22,'状态价值'!$D$1:$K$1,0))) | AG22: =NORM.S.INV(RAND()) | AH22: =IF('组合输入'!$C8="","",'组合输入'!$H8*$B22+SQRT(1-'组合输入'!$H8^2)*AG22) | AI22: =IF(AH22="","",NORM.S.DIST(AH22,TRUE)) | AJ22: =IF(AI22="","",IF(AI22<='组合输入'!$K8,"AAA",IF(AI22<='组合输入'!$L8,"AA",IF(AI22<='组合输入'!$M8,"A",IF(AI22<='组合输入'!$N8,"BBB",IF(AI22<='组合输入'!$O8,"BB",IF(AI22<='组合输入'!$P8,"B",IF(AI22<='组合输入'!$Q8,"CCC","D"))))))) | AK22: =IF(AJ22="","",INDEX('状态价值'!$D8:$K8,MATCH(AJ22,'状态价值'!$D$1:$K$1,0))) | AL22: =NORM.S.INV(RAND()) | AM22: =IF('组合输入'!$C9="","",'组合输入'!$H9*$B22+SQRT(1-'组合输入'!$H9^2)*AL22) | AN22: =IF(AM22="","",NORM.S.DIST(AM22,TRUE)) | AO22: =IF(AN22="","",IF(AN22<='组合输入'!$K9,"AAA",IF(AN22<='组合输入'!$L9,"AA",IF(AN22<='组合输入'!$M9,"A",IF(AN22<='组合输入'!$N9,"BBB",IF(AN22<='组合输入'!$O9,"BB",IF(AN22<='组合输入'!$P9,"B",IF(AN22<='组合输入'!$Q9,"CCC","D"))))))) | AP22: =IF(AO22="","",INDEX('状态价值'!$D9:$K9,MATCH(AO22,'状态价值'!$D$1:$K$1,0))) | AQ22: =NORM.S.INV(RAND()) | AR22: =IF('组合输入'!$C10="","",'组合输入'!$H10*$B22+SQRT(1-'组合输入'!$H10^2)*AQ22) | AS22: =IF(AR22="","",NORM.S.DIST(AR22,TRUE)) | AT22: =IF(AS22="","",IF(AS22<='组合输入'!$K10,"AAA",IF(AS22<='组合输入'!$L10,"AA",IF(AS22<='组合输入'!$M10,"A",IF(AS22<='组合输入'!$N10,"BBB",IF(AS22<='组合输入'!$O10,"BB",IF(AS22<='组合输入'!$P10,"B",IF(AS22<='组合输入'!$Q10,"CCC","D"))))))) | AU22: =IF(AT22="","",INDEX('状态价值'!$D10:$K10,MATCH(AT22,'状态价值'!$D$1:$K$1,0))) | AV22: =NORM.S.INV(RAND()) | AW22: =IF('组合输入'!$C11="","",'组合输入'!$H11*$B22+SQRT(1-'组合输入'!$H11^2)*AV22) | AX22: =IF(AW22="","",NORM.S.DIST(AW22,TRUE)) | AY22: =IF(AX22="","",IF(AX22<='组合输入'!$K11,"AAA",IF(AX22<='组合输入'!$L11,"AA",IF(AX22<='组合输入'!$M11,"A",IF(AX22<='组合输入'!$N11,"BBB",IF(AX22<='组合输入'!$O11,"BB",IF(AX22<='组合输入'!$P11,"B",IF(AX22<='组合输入'!$Q11,"CCC","D"))))))) | AZ22: =IF(AY22="","",INDEX('状态价值'!$D11:$K11,MATCH(AY22,'状态价值'!$D$1:$K$1,0))) | BA22: =G22+L22+Q22+V22+AA22+AF22+AK22+AP22+AU22+AZ22 | BB22: =SUM('组合输入'!$J$2:$J$11)-BA22
A23: 22 | B23: =NORM.S.INV(RAND()) | C23: =NORM.S.INV(RAND()) | D23: =IF('组合输入'!$C2="","",'组合输入'!$H2*$B23+SQRT(1-'组合输入'!$H2^2)*C23) | E23: =IF(D23="","",NORM.S.DIST(D23,TRUE)) | F23: =IF(E23="","",IF(E23<='组合输入'!$K2,"AAA",IF(E23<='组合输入'!$L2,"AA",IF(E23<='组合输入'!$M2,"A",IF(E23<='组合输入'!$N2,"BBB",IF(E23<='组合输入'!$O2,"BB",IF(E23<='组合输入'!$P2,"B",IF(E23<='组合输入'!$Q2,"CCC","D"))))))) | G23: =IF(F23="","",INDEX('状态价值'!$D2:$K2,MATCH(F23,'状态价值'!$D$1:$K$1,0))) | H23: =NORM.S.INV(RAND()) | I23: =IF('组合输入'!$C3="","",'组合输入'!$H3*$B23+SQRT(1-'组合输入'!$H3^2)*H23) | J23: =IF(I23="","",NORM.S.DIST(I23,TRUE)) | K23: =IF(J23="","",IF(J23<='组合输入'!$K3,"AAA",IF(J23<='组合输入'!$L3,"AA",IF(J23<='组合输入'!$M3,"A",IF(J23<='组合输入'!$N3,"BBB",IF(J23<='组合输入'!$O3,"BB",IF(J23<='组合输入'!$P3,"B",IF(J23<='组合输入'!$Q3,"CCC","D"))))))) | L23: =IF(K23="","",INDEX('状态价值'!$D3:$K3,MATCH(K23,'状态价值'!$D$1:$K$1,0))) | M23: =NORM.S.INV(RAND()) | N23: =IF('组合输入'!$C4="","",'组合输入'!$H4*$B23+SQRT(1-'组合输入'!$H4^2)*M23) | O23: =IF(N23="","",NORM.S.DIST(N23,TRUE)) | P23: =IF(O23="","",IF(O23<='组合输入'!$K4,"AAA",IF(O23<='组合输入'!$L4,"AA",IF(O23<='组合输入'!$M4,"A",IF(O23<='组合输入'!$N4,"BBB",IF(O23<='组合输入'!$O4,"BB",IF(O23<='组合输入'!$P4,"B",IF(O23<='组合输入'!$Q4,"CCC","D"))))))) | Q23: =IF(P23="","",INDEX('状态价值'!$D4:$K4,MATCH(P23,'状态价值'!$D$1:$K$1,0))) | R23: =NORM.S.INV(RAND()) | S23: =IF('组合输入'!$C5="","",'组合输入'!$H5*$B23+SQRT(1-'组合输入'!$H5^2)*R23) | T23: =IF(S23="","",NORM.S.DIST(S23,TRUE)) | U23: =IF(T23="","",IF(T23<='组合输入'!$K5,"AAA",IF(T23<='组合输入'!$L5,"AA",IF(T23<='组合输入'!$M5,"A",IF(T23<='组合输入'!$N5,"BBB",IF(T23<='组合输入'!$O5,"BB",IF(T23<='组合输入'!$P5,"B",IF(T23<='组合输入'!$Q5,"CCC","D"))))))) | V23: =IF(U23="","",INDEX('状态价值'!$D5:$K5,MATCH(U23,'状态价值'!$D$1:$K$1,0))) | W23: =NORM.S.INV(RAND()) | X23: =IF('组合输入'!$C6="","",'组合输入'!$H6*$B23+SQRT(1-'组合输入'!$H6^2)*W23) | Y23: =IF(X23="","",NORM.S.DIST(X23,TRUE)) | Z23: =IF(Y23="","",IF(Y23<='组合输入'!$K6,"AAA",IF(Y23<='组合输入'!$L6,"AA",IF(Y23<='组合输入'!$M6,"A",IF(Y23<='组合输入'!$N6,"BBB",IF(Y23<='组合输入'!$O6,"BB",IF(Y23<='组合输入'!$P6,"B",IF(Y23<='组合输入'!$Q6,"CCC","D"))))))) | AA23: =IF(Z23="","",INDEX('状态价值'!$D6:$K6,MATCH(Z23,'状态价值'!$D$1:$K$1,0))) | AB23: =NORM.S.INV(RAND()) | AC23: =IF('组合输入'!$C7="","",'组合输入'!$H7*$B23+SQRT(1-'组合输入'!$H7^2)*AB23) | AD23: =IF(AC23="","",NORM.S.DIST(AC23,TRUE)) | AE23: =IF(AD23="","",IF(AD23<='组合输入'!$K7,"AAA",IF(AD23<='组合输入'!$L7,"AA",IF(AD23<='组合输入'!$M7,"A",IF(AD23<='组合输入'!$N7,"BBB",IF(AD23<='组合输入'!$O7,"BB",IF(AD23<='组合输入'!$P7,"B",IF(AD23<='组合输入'!$Q7,"CCC","D"))))))) | AF23: =IF(AE23="","",INDEX('状态价值'!$D7:$K7,MATCH(AE23,'状态价值'!$D$1:$K$1,0))) | AG23: =NORM.S.INV(RAND()) | AH23: =IF('组合输入'!$C8="","",'组合输入'!$H8*$B23+SQRT(1-'组合输入'!$H8^2)*AG23) | AI23: =IF(AH23="","",NORM.S.DIST(AH23,TRUE)) | AJ23: =IF(AI23="","",IF(AI23<='组合输入'!$K8,"AAA",IF(AI23<='组合输入'!$L8,"AA",IF(AI23<='组合输入'!$M8,"A",IF(AI23<='组合输入'!$N8,"BBB",IF(AI23<='组合输入'!$O8,"BB",IF(AI23<='组合输入'!$P8,"B",IF(AI23<='组合输入'!$Q8,"CCC","D"))))))) | AK23: =IF(AJ23="","",INDEX('状态价值'!$D8:$K8,MATCH(AJ23,'状态价值'!$D$1:$K$1,0))) | AL23: =NORM.S.INV(RAND()) | AM23: =IF('组合输入'!$C9="","",'组合输入'!$H9*$B23+SQRT(1-'组合输入'!$H9^2)*AL23) | AN23: =IF(AM23="","",NORM.S.DIST(AM23,TRUE)) | AO23: =IF(AN23="","",IF(AN23<='组合输入'!$K9,"AAA",IF(AN23<='组合输入'!$L9,"AA",IF(AN23<='组合输入'!$M9,"A",IF(AN23<='组合输入'!$N9,"BBB",IF(AN23<='组合输入'!$O9,"BB",IF(AN23<='组合输入'!$P9,"B",IF(AN23<='组合输入'!$Q9,"CCC","D"))))))) | AP23: =IF(AO23="","",INDEX('状态价值'!$D9:$K9,MATCH(AO23,'状态价值'!$D$1:$K$1,0))) | AQ23: =NORM.S.INV(RAND()) | AR23: =IF('组合输入'!$C10="","",'组合输入'!$H10*$B23+SQRT(1-'组合输入'!$H10^2)*AQ23) | AS23: =IF(AR23="","",NORM.S.DIST(AR23,TRUE)) | AT23: =IF(AS23="","",IF(AS23<='组合输入'!$K10,"AAA",IF(AS23<='组合输入'!$L10,"AA",IF(AS23<='组合输入'!$M10,"A",IF(AS23<='组合输入'!$N10,"BBB",IF(AS23<='组合输入'!$O10,"BB",IF(AS23<='组合输入'!$P10,"B",IF(AS23<='组合输入'!$Q10,"CCC","D"))))))) | AU23: =IF(AT23="","",INDEX('状态价值'!$D10:$K10,MATCH(AT23,'状态价值'!$D$1:$K$1,0))) | AV23: =NORM.S.INV(RAND()) | AW23: =IF('组合输入'!$C11="","",'组合输入'!$H11*$B23+SQRT(1-'组合输入'!$H11^2)*AV23) | AX23: =IF(AW23="","",NORM.S.DIST(AW23,TRUE)) | AY23: =IF(AX23="","",IF(AX23<='组合输入'!$K11,"AAA",IF(AX23<='组合输入'!$L11,"AA",IF(AX23<='组合输入'!$M11,"A",IF(AX23<='组合输入'!$N11,"BBB",IF(AX23<='组合输入'!$O11,"BB",IF(AX23<='组合输入'!$P11,"B",IF(AX23<='组合输入'!$Q11,"CCC","D"))))))) | AZ23: =IF(AY23="","",INDEX('状态价值'!$D11:$K11,MATCH(AY23,'状态价值'!$D$1:$K$1,0))) | BA23: =G23+L23+Q23+V23+AA23+AF23+AK23+AP23+AU23+AZ23 | BB23: =SUM('组合输入'!$J$2:$J$11)-BA23
A24: 23 | B24: =NORM.S.INV(RAND()) | C24: =NORM.S.INV(RAND()) | D24: =IF('组合输入'!$C2="","",'组合输入'!$H2*$B24+SQRT(1-'组合输入'!$H2^2)*C24) | E24: =IF(D24="","",NORM.S.DIST(D24,TRUE)) | F24: =IF(E24="","",IF(E24<='组合输入'!$K2,"AAA",IF(E24<='组合输入'!$L2,"AA",IF(E24<='组合输入'!$M2,"A",IF(E24<='组合输入'!$N2,"BBB",IF(E24<='组合输入'!$O2,"BB",IF(E24<='组合输入'!$P2,"B",IF(E24<='组合输入'!$Q2,"CCC","D"))))))) | G24: =IF(F24="","",INDEX('状态价值'!$D2:$K2,MATCH(F24,'状态价值'!$D$1:$K$1,0))) | H24: =NORM.S.INV(RAND()) | I24: =IF('组合输入'!$C3="","",'组合输入'!$H3*$B24+SQRT(1-'组合输入'!$H3^2)*H24) | J24: =IF(I24="","",NORM.S.DIST(I24,TRUE)) | K24: =IF(J24="","",IF(J24<='组合输入'!$K3,"AAA",IF(J24<='组合输入'!$L3,"AA",IF(J24<='组合输入'!$M3,"A",IF(J24<='组合输入'!$N3,"BBB",IF(J24<='组合输入'!$O3,"BB",IF(J24<='组合输入'!$P3,"B",IF(J24<='组合输入'!$Q3,"CCC","D"))))))) | L24: =IF(K24="","",INDEX('状态价值'!$D3:$K3,MATCH(K24,'状态价值'!$D$1:$K$1,0))) | M24: =NORM.S.INV(RAND()) | N24: =IF('组合输入'!$C4="","",'组合输入'!$H4*$B24+SQRT(1-'组合输入'!$H4^2)*M24) | O24: =IF(N24="","",NORM.S.DIST(N24,TRUE)) | P24: =IF(O24="","",IF(O24<='组合输入'!$K4,"AAA",IF(O24<='组合输入'!$L4,"AA",IF(O24<='组合输入'!$M4,"A",IF(O24<='组合输入'!$N4,"BBB",IF(O24<='组合输入'!$O4,"BB",IF(O24<='组合输入'!$P4,"B",IF(O24<='组合输入'!$Q4,"CCC","D"))))))) | Q24: =IF(P24="","",INDEX('状态价值'!$D4:$K4,MATCH(P24,'状态价值'!$D$1:$K$1,0))) | R24: =NORM.S.INV(RAND()) | S24: =IF('组合输入'!$C5="","",'组合输入'!$H5*$B24+SQRT(1-'组合输入'!$H5^2)*R24) | T24: =IF(S24="","",NORM.S.DIST(S24,TRUE)) | U24: =IF(T24="","",IF(T24<='组合输入'!$K5,"AAA",IF(T24<='组合输入'!$L5,"AA",IF(T24<='组合输入'!$M5,"A",IF(T24<='组合输入'!$N5,"BBB",IF(T24<='组合输入'!$O5,"BB",IF(T24<='组合输入'!$P5,"B",IF(T24<='组合输入'!$Q5,"CCC","D"))))))) | V24: =IF(U24="","",INDEX('状态价值'!$D5:$K5,MATCH(U24,'状态价值'!$D$1:$K$1,0))) | W24: =NORM.S.INV(RAND()) | X24: =IF('组合输入'!$C6="","",'组合输入'!$H6*$B24+SQRT(1-'组合输入'!$H6^2)*W24) | Y24: =IF(X24="","",NORM.S.DIST(X24,TRUE)) | Z24: =IF(Y24="","",IF(Y24<='组合输入'!$K6,"AAA",IF(Y24<='组合输入'!$L6,"AA",IF(Y24<='组合输入'!$M6,"A",IF(Y24<='组合输入'!$N6,"BBB",IF(Y24<='组合输入'!$O6,"BB",IF(Y24<='组合输入'!$P6,"B",IF(Y24<='组合输入'!$Q6,"CCC","D"))))))) | AA24: =IF(Z24="","",INDEX('状态价值'!$D6:$K6,MATCH(Z24,'状态价值'!$D$1:$K$1,0))) | AB24: =NORM.S.INV(RAND()) | AC24: =IF('组合输入'!$C7="","",'组合输入'!$H7*$B24+SQRT(1-'组合输入'!$H7^2)*AB24) | AD24: =IF(AC24="","",NORM.S.DIST(AC24,TRUE)) | AE24: =IF(AD24="","",IF(AD24<='组合输入'!$K7,"AAA",IF(AD24<='组合输入'!$L7,"AA",IF(AD24<='组合输入'!$M7,"A",IF(AD24<='组合输入'!$N7,"BBB",IF(AD24<='组合输入'!$O7,"BB",IF(AD24<='组合输入'!$P7,"B",IF(AD24<='组合输入'!$Q7,"CCC","D"))))))) | AF24: =IF(AE24="","",INDEX('状态价值'!$D7:$K7,MATCH(AE24,'状态价值'!$D$1:$K$1,0))) | AG24: =NORM.S.INV(RAND()) | AH24: =IF('组合输入'!$C8="","",'组合输入'!$H8*$B24+SQRT(1-'组合输入'!$H8^2)*AG24) | AI24: =IF(AH24="","",NORM.S.DIST(AH24,TRUE)) | AJ24: =IF(AI24="","",IF(AI24<='组合输入'!$K8,"AAA",IF(AI24<='组合输入'!$L8,"AA",IF(AI24<='组合输入'!$M8,"A",IF(AI24<='组合输入'!$N8,"BBB",IF(AI24<='组合输入'!$O8,"BB",IF(AI24<='组合输入'!$P8,"B",IF(AI24<='组合输入'!$Q8,"CCC","D"))))))) | AK24: =IF(AJ24="","",INDEX('状态价值'!$D8:$K8,MATCH(AJ24,'状态价值'!$D$1:$K$1,0))) | AL24: =NORM.S.INV(RAND()) | AM24: =IF('组合输入'!$C9="","",'组合输入'!$H9*$B24+SQRT(1-'组合输入'!$H9^2)*AL24) | AN24: =IF(AM24="","",NORM.S.DIST(AM24,TRUE)) | AO24: =IF(AN24="","",IF(AN24<='组合输入'!$K9,"AAA",IF(AN24<='组合输入'!$L9,"AA",IF(AN24<='组合输入'!$M9,"A",IF(AN24<='组合输入'!$N9,"BBB",IF(AN24<='组合输入'!$O9,"BB",IF(AN24<='组合输入'!$P9,"B",IF(AN24<='组合输入'!$Q9,"CCC","D"))))))) | AP24: =IF(AO24="","",INDEX('状态价值'!$D9:$K9,MATCH(AO24,'状态价值'!$D$1:$K$1,0))) | AQ24: =NORM.S.INV(RAND()) | AR24: =IF('组合输入'!$C10="","",'组合输入'!$H10*$B24+SQRT(1-'组合输入'!$H10^2)*AQ24) | AS24: =IF(AR24="","",NORM.S.DIST(AR24,TRUE)) | AT24: =IF(AS24="","",IF(AS24<='组合输入'!$K10,"AAA",IF(AS24<='组合输入'!$L10,"AA",IF(AS24<='组合输入'!$M10,"A",IF(AS24<='组合输入'!$N10,"BBB",IF(AS24<='组合输入'!$O10,"BB",IF(AS24<='组合输入'!$P10,"B",IF(AS24<='组合输入'!$Q10,"CCC","D"))))))) | AU24: =IF(AT24="","",INDEX('状态价值'!$D10:$K10,MATCH(AT24,'状态价值'!$D$1:$K$1,0))) | AV24: =NORM.S.INV(RAND()) | AW24: =IF('组合输入'!$C11="","",'组合输入'!$H11*$B24+SQRT(1-'组合输入'!$H11^2)*AV24) | AX24: =IF(AW24="","",NORM.S.DIST(AW24,TRUE)) | AY24: =IF(AX24="","",IF(AX24<='组合输入'!$K11,"AAA",IF(AX24<='组合输入'!$L11,"AA",IF(AX24<='组合输入'!$M11,"A",IF(AX24<='组合输入'!$N11,"BBB",IF(AX24<='组合输入'!$O11,"BB",IF(AX24<='组合输入'!$P11,"B",IF(AX24<='组合输入'!$Q11,"CCC","D"))))))) | AZ24: =IF(AY24="","",INDEX('状态价值'!$D11:$K11,MATCH(AY24,'状态价值'!$D$1:$K$1,0))) | BA24: =G24+L24+Q24+V24+AA24+AF24+AK24+AP24+AU24+AZ24 | BB24: =SUM('组合输入'!$J$2:$J$11)-BA24
A25: 24 | B25: =NORM.S.INV(RAND()) | C25: =NORM.S.INV(RAND()) | D25: =IF('组合输入'!$C2="","",'组合输入'!$H2*$B25+SQRT(1-'组合输入'!$H2^2)*C25) | E25: =IF(D25="","",NORM.S.DIST(D25,TRUE)) | F25: =IF(E25="","",IF(E25<='组合输入'!$K2,"AAA",IF(E25<='组合输入'!$L2,"AA",IF(E25<='组合输入'!$M2,"A",IF(E25<='组合输入'!$N2,"BBB",IF(E25<='组合输入'!$O2,"BB",IF(E25<='组合输入'!$P2,"B",IF(E25<='组合输入'!$Q2,"CCC","D"))))))) | G25: =IF(F25="","",INDEX('状态价值'!$D2:$K2,MATCH(F25,'状态价值'!$D$1:$K$1,0))) | H25: =NORM.S.INV(RAND()) | I25: =IF('组合输入'!$C3="","",'组合输入'!$H3*$B25+SQRT(1-'组合输入'!$H3^2)*H25) | J25: =IF(I25="","",NORM.S.DIST(I25,TRUE)) | K25: =IF(J25="","",IF(J25<='组合输入'!$K3,"AAA",IF(J25<='组合输入'!$L3,"AA",IF(J25<='组合输入'!$M3,"A",IF(J25<='组合输入'!$N3,"BBB",IF(J25<='组合输入'!$O3,"BB",IF(J25<='组合输入'!$P3,"B",IF(J25<='组合输入'!$Q3,"CCC","D"))))))) | L25: =IF(K25="","",INDEX('状态价值'!$D3:$K3,MATCH(K25,'状态价值'!$D$1:$K$1,0))) | M25: =NORM.S.INV(RAND()) | N25: =IF('组合输入'!$C4="","",'组合输入'!$H4*$B25+SQRT(1-'组合输入'!$H4^2)*M25) | O25: =IF(N25="","",NORM.S.DIST(N25,TRUE)) | P25: =IF(O25="","",IF(O25<='组合输入'!$K4,"AAA",IF(O25<='组合输入'!$L4,"AA",IF(O25<='组合输入'!$M4,"A",IF(O25<='组合输入'!$N4,"BBB",IF(O25<='组合输入'!$O4,"BB",IF(O25<='组合输入'!$P4,"B",IF(O25<='组合输入'!$Q4,"CCC","D"))))))) | Q25: =IF(P25="","",INDEX('状态价值'!$D4:$K4,MATCH(P25,'状态价值'!$D$1:$K$1,0))) | R25: =NORM.S.INV(RAND()) | S25: =IF('组合输入'!$C5="","",'组合输入'!$H5*$B25+SQRT(1-'组合输入'!$H5^2)*R25) | T25: =IF(S25="","",NORM.S.DIST(S25,TRUE)) | U25: =IF(T25="","",IF(T25<='组合输入'!$K5,"AAA",IF(T25<='组合输入'!$L5,"AA",IF(T25<='组合输入'!$M5,"A",IF(T25<='组合输入'!$N5,"BBB",IF(T25<='组合输入'!$O5,"BB",IF(T25<='组合输入'!$P5,"B",IF(T25<='组合输入'!$Q5,"CCC","D"))))))) | V25: =IF(U25="","",INDEX('状态价值'!$D5:$K5,MATCH(U25,'状态价值'!$D$1:$K$1,0))) | W25: =NORM.S.INV(RAND()) | X25: =IF('组合输入'!$C6="","",'组合输入'!$H6*$B25+SQRT(1-'组合输入'!$H6^2)*W25) | Y25: =IF(X25="","",NORM.S.DIST(X25,TRUE)) | Z25: =IF(Y25="","",IF(Y25<='组合输入'!$K6,"AAA",IF(Y25<='组合输入'!$L6,"AA",IF(Y25<='组合输入'!$M6,"A",IF(Y25<='组合输入'!$N6,"BBB",IF(Y25<='组合输入'!$O6,"BB",IF(Y25<='组合输入'!$P6,"B",IF(Y25<='组合输入'!$Q6,"CCC","D"))))))) | AA25: =IF(Z25="","",INDEX('状态价值'!$D6:$K6,MATCH(Z25,'状态价值'!$D$1:$K$1,0))) | AB25: =NORM.S.INV(RAND()) | AC25: =IF('组合输入'!$C7="","",'组合输入'!$H7*$B25+SQRT(1-'组合输入'!$H7^2)*AB25) | AD25: =IF(AC25="","",NORM.S.DIST(AC25,TRUE)) | AE25: =IF(AD25="","",IF(AD25<='组合输入'!$K7,"AAA",IF(AD25<='组合输入'!$L7,"AA",IF(AD25<='组合输入'!$M7,"A",IF(AD25<='组合输入'!$N7,"BBB",IF(AD25<='组合输入'!$O7,"BB",IF(AD25<='组合输入'!$P7,"B",IF(AD25<='组合输入'!$Q7,"CCC","D"))))))) | AF25: =IF(AE25="","",INDEX('状态价值'!$D7:$K7,MATCH(AE25,'状态价值'!$D$1:$K$1,0))) | AG25: =NORM.S.INV(RAND()) | AH25: =IF('组合输入'!$C8="","",'组合输入'!$H8*$B25+SQRT(1-'组合输入'!$H8^2)*AG25) | AI25: =IF(AH25="","",NORM.S.DIST(AH25,TRUE)) | AJ25: =IF(AI25="","",IF(AI25<='组合输入'!$K8,"AAA",IF(AI25<='组合输入'!$L8,"AA",IF(AI25<='组合输入'!$M8,"A",IF(AI25<='组合输入'!$N8,"BBB",IF(AI25<='组合输入'!$O8,"BB",IF(AI25<='组合输入'!$P8,"B",IF(AI25<='组合输入'!$Q8,"CCC","D"))))))) | AK25: =IF(AJ25="","",INDEX('状态价值'!$D8:$K8,MATCH(AJ25,'状态价值'!$D$1:$K$1,0))) | AL25: =NORM.S.INV(RAND()) | AM25: =IF('组合输入'!$C9="","",'组合输入'!$H9*$B25+SQRT(1-'组合输入'!$H9^2)*AL25) | AN25: =IF(AM25="","",NORM.S.DIST(AM25,TRUE)) | AO25: =IF(AN25="","",IF(AN25<='组合输入'!$K9,"AAA",IF(AN25<='组合输入'!$L9,"AA",IF(AN25<='组合输入'!$M9,"A",IF(AN25<='组合输入'!$N9,"BBB",IF(AN25<='组合输入'!$O9,"BB",IF(AN25<='组合输入'!$P9,"B",IF(AN25<='组合输入'!$Q9,"CCC","D"))))))) | AP25: =IF(AO25="","",INDEX('状态价值'!$D9:$K9,MATCH(AO25,'状态价值'!$D$1:$K$1,0))) | AQ25: =NORM.S.INV(RAND()) | AR25: =IF('组合输入'!$C10="","",'组合输入'!$H10*$B25+SQRT(1-'组合输入'!$H10^2)*AQ25) | AS25: =IF(AR25="","",NORM.S.DIST(AR25,TRUE)) | AT25: =IF(AS25="","",IF(AS25<='组合输入'!$K10,"AAA",IF(AS25<='组合输入'!$L10,"AA",IF(AS25<='组合输入'!$M10,"A",IF(AS25<='组合输入'!$N10,"BBB",IF(AS25<='组合输入'!$O10,"BB",IF(AS25<='组合输入'!$P10,"B",IF(AS25<='组合输入'!$Q10,"CCC","D"))))))) | AU25: =IF(AT25="","",INDEX('状态价值'!$D10:$K10,MATCH(AT25,'状态价值'!$D$1:$K$1,0))) | AV25: =NORM.S.INV(RAND()) | AW25: =IF('组合输入'!$C11="","",'组合输入'!$H11*$B25+SQRT(1-'组合输入'!$H11^2)*AV25) | AX25: =IF(AW25="","",NORM.S.DIST(AW25,TRUE)) | AY25: =IF(AX25="","",IF(AX25<='组合输入'!$K11,"AAA",IF(AX25<='组合输入'!$L11,"AA",IF(AX25<='组合输入'!$M11,"A",IF(AX25<='组合输入'!$N11,"BBB",IF(AX25<='组合输入'!$O11,"BB",IF(AX25<='组合输入'!$P11,"B",IF(AX25<='组合输入'!$Q11,"CCC","D"))))))) | AZ25: =IF(AY25="","",INDEX('状态价值'!$D11:$K11,MATCH(AY25,'状态价值'!$D$1:$K$1,0))) | BA25: =G25+L25+Q25+V25+AA25+AF25+AK25+AP25+AU25+AZ25 | BB25: =SUM('组合输入'!$J$2:$J$11)-BA25
A26: 25 | B26: =NORM.S.INV(RAND()) | C26: =NORM.S.INV(RAND()) | D26: =IF('组合输入'!$C2="","",'组合输入'!$H2*$B26+SQRT(1-'组合输入'!$H2^2)*C26) | E26: =IF(D26="","",NORM.S.DIST(D26,TRUE)) | F26: =IF(E26="","",IF(E26<='组合输入'!$K2,"AAA",IF(E26<='组合输入'!$L2,"AA",IF(E26<='组合输入'!$M2,"A",IF(E26<='组合输入'!$N2,"BBB",IF(E26<='组合输入'!$O2,"BB",IF(E26<='组合输入'!$P2,"B",IF(E26<='组合输入'!$Q2,"CCC","D"))))))) | G26: =IF(F26="","",INDEX('状态价值'!$D2:$K2,MATCH(F26,'状态价值'!$D$1:$K$1,0))) | H26: =NORM.S.INV(RAND()) | I26: =IF('组合输入'!$C3="","",'组合输入'!$H3*$B26+SQRT(1-'组合输入'!$H3^2)*H26) | J26: =IF(I26="","",NORM.S.DIST(I26,TRUE)) | K26: =IF(J26="","",IF(J26<='组合输入'!$K3,"AAA",IF(J26<='组合输入'!$L3,"AA",IF(J26<='组合输入'!$M3,"A",IF(J26<='组合输入'!$N3,"BBB",IF(J26<='组合输入'!$O3,"BB",IF(J26<='组合输入'!$P3,"B",IF(J26<='组合输入'!$Q3,"CCC","D"))))))) | L26: =IF(K26="","",INDEX('状态价值'!$D3:$K3,MATCH(K26,'状态价值'!$D$1:$K$1,0))) | M26: =NORM.S.INV(RAND()) | N26: =IF('组合输入'!$C4="","",'组合输入'!$H4*$B26+SQRT(1-'组合输入'!$H4^2)*M26) | O26: =IF(N26="","",NORM.S.DIST(N26,TRUE)) | P26: =IF(O26="","",IF(O26<='组合输入'!$K4,"AAA",IF(O26<='组合输入'!$L4,"AA",IF(O26<='组合输入'!$M4,"A",IF(O26<='组合输入'!$N4,"BBB",IF(O26<='组合输入'!$O4,"BB",IF(O26<='组合输入'!$P4,"B",IF(O26<='组合输入'!$Q4,"CCC","D"))))))) | Q26: =IF(P26="","",INDEX('状态价值'!$D4:$K4,MATCH(P26,'状态价值'!$D$1:$K$1,0))) | R26: =NORM.S.INV(RAND()) | S26: =IF('组合输入'!$C5="","",'组合输入'!$H5*$B26+SQRT(1-'组合输入'!$H5^2)*R26) | T26: =IF(S26="","",NORM.S.DIST(S26,TRUE)) | U26: =IF(T26="","",IF(T26<='组合输入'!$K5,"AAA",IF(T26<='组合输入'!$L5,"AA",IF(T26<='组合输入'!$M5,"A",IF(T26<='组合输入'!$N5,"BBB",IF(T26<='组合输入'!$O5,"BB",IF(T26<='组合输入'!$P5,"B",IF(T26<='组合输入'!$Q5,"CCC","D"))))))) | V26: =IF(U26="","",INDEX('状态价值'!$D5:$K5,MATCH(U26,'状态价值'!$D$1:$K$1,0))) | W26: =NORM.S.INV(RAND()) | X26: =IF('组合输入'!$C6="","",'组合输入'!$H6*$B26+SQRT(1-'组合输入'!$H6^2)*W26) | Y26: =IF(X26="","",NORM.S.DIST(X26,TRUE)) | Z26: =IF(Y26="","",IF(Y26<='组合输入'!$K6,"AAA",IF(Y26<='组合输入'!$L6,"AA",IF(Y26<='组合输入'!$M6,"A",IF(Y26<='组合输入'!$N6,"BBB",IF(Y26<='组合输入'!$O6,"BB",IF(Y26<='组合输入'!$P6,"B",IF(Y26<='组合输入'!$Q6,"CCC","D"))))))) | AA26: =IF(Z26="","",INDEX('状态价值'!$D6:$K6,MATCH(Z26,'状态价值'!$D$1:$K$1,0))) | AB26: =NORM.S.INV(RAND()) | AC26: =IF('组合输入'!$C7="","",'组合输入'!$H7*$B26+SQRT(1-'组合输入'!$H7^2)*AB26) | AD26: =IF(AC26="","",NORM.S.DIST(AC26,TRUE)) | AE26: =IF(AD26="","",IF(AD26<='组合输入'!$K7,"AAA",IF(AD26<='组合输入'!$L7,"AA",IF(AD26<='组合输入'!$M7,"A",IF(AD26<='组合输入'!$N7,"BBB",IF(AD26<='组合输入'!$O7,"BB",IF(AD26<='组合输入'!$P7,"B",IF(AD26<='组合输入'!$Q7,"CCC","D"))))))) | AF26: =IF(AE26="","",INDEX('状态价值'!$D7:$K7,MATCH(AE26,'状态价值'!$D$1:$K$1,0))) | AG26: =NORM.S.INV(RAND()) | AH26: =IF('组合输入'!$C8="","",'组合输入'!$H8*$B26+SQRT(1-'组合输入'!$H8^2)*AG26) | AI26: =IF(AH26="","",NORM.S.DIST(AH26,TRUE)) | AJ26: =IF(AI26="","",IF(AI26<='组合输入'!$K8,"AAA",IF(AI26<='组合输入'!$L8,"AA",IF(AI26<='组合输入'!$M8,"A",IF(AI26<='组合输入'!$N8,"BBB",IF(AI26<='组合输入'!$O8,"BB",IF(AI26<='组合输入'!$P8,"B",IF(AI26<='组合输入'!$Q8,"CCC","D"))))))) | AK26: =IF(AJ26="","",INDEX('状态价值'!$D8:$K8,MATCH(AJ26,'状态价值'!$D$1:$K$1,0))) | AL26: =NORM.S.INV(RAND()) | AM26: =IF('组合输入'!$C9="","",'组合输入'!$H9*$B26+SQRT(1-'组合输入'!$H9^2)*AL26) | AN26: =IF(AM26="","",NORM.S.DIST(AM26,TRUE)) | AO26: =IF(AN26="","",IF(AN26<='组合输入'!$K9,"AAA",IF(AN26<='组合输入'!$L9,"AA",IF(AN26<='组合输入'!$M9,"A",IF(AN26<='组合输入'!$N9,"BBB",IF(AN26<='组合输入'!$O9,"BB",IF(AN26<='组合输入'!$P9,"B",IF(AN26<='组合输入'!$Q9,"CCC","D"))))))) | AP26: =IF(AO26="","",INDEX('状态价值'!$D9:$K9,MATCH(AO26,'状态价值'!$D$1:$K$1,0))) | AQ26: =NORM.S.INV(RAND()) | AR26: =IF('组合输入'!$C10="","",'组合输入'!$H10*$B26+SQRT(1-'组合输入'!$H10^2)*AQ26) | AS26: =IF(AR26="","",NORM.S.DIST(AR26,TRUE)) | AT26: =IF(AS26="","",IF(AS26<='组合输入'!$K10,"AAA",IF(AS26<='组合输入'!$L10,"AA",IF(AS26<='组合输入'!$M10,"A",IF(AS26<='组合输入'!$N10,"BBB",IF(AS26<='组合输入'!$O10,"BB",IF(AS26<='组合输入'!$P10,"B",IF(AS26<='组合输入'!$Q10,"CCC","D"))))))) | AU26: =IF(AT26="","",INDEX('状态价值'!$D10:$K10,MATCH(AT26,'状态价值'!$D$1:$K$1,0))) | AV26: =NORM.S.INV(RAND()) | AW26: =IF('组合输入'!$C11="","",'组合输入'!$H11*$B26+SQRT(1-'组合输入'!$H11^2)*AV26) | AX26: =IF(AW26="","",NORM.S.DIST(AW26,TRUE)) | AY26: =IF(AX26="","",IF(AX26<='组合输入'!$K11,"AAA",IF(AX26<='组合输入'!$L11,"AA",IF(AX26<='组合输入'!$M11,"A",IF(AX26<='组合输入'!$N11,"BBB",IF(AX26<='组合输入'!$O11,"BB",IF(AX26<='组合输入'!$P11,"B",IF(AX26<='组合输入'!$Q11,"CCC","D"))))))) | AZ26: =IF(AY26="","",INDEX('状态价值'!$D11:$K11,MATCH(AY26,'状态价值'!$D$1:$K$1,0))) | BA26: =G26+L26+Q26+V26+AA26+AF26+AK26+AP26+AU26+AZ26 | BB26: =SUM('组合输入'!$J$2:$J$11)-BA26
A27: 26 | B27: =NORM.S.INV(RAND()) | C27: =NORM.S.INV(RAND()) | D27: =IF('组合输入'!$C2="","",'组合输入'!$H2*$B27+SQRT(1-'组合输入'!$H2^2)*C27) | E27: =IF(D27="","",NORM.S.DIST(D27,TRUE)) | F27: =IF(E27="","",IF(E27<='组合输入'!$K2,"AAA",IF(E27<='组合输入'!$L2,"AA",IF(E27<='组合输入'!$M2,"A",IF(E27<='组合输入'!$N2,"BBB",IF(E27<='组合输入'!$O2,"BB",IF(E27<='组合输入'!$P2,"B",IF(E27<='组合输入'!$Q2,"CCC","D"))))))) | G27: =IF(F27="","",INDEX('状态价值'!$D2:$K2,MATCH(F27,'状态价值'!$D$1:$K$1,0))) | H27: =NORM.S.INV(RAND()) | I27: =IF('组合输入'!$C3="","",'组合输入'!$H3*$B27+SQRT(1-'组合输入'!$H3^2)*H27) | J27: =IF(I27="","",NORM.S.DIST(I27,TRUE)) | K27: =IF(J27="","",IF(J27<='组合输入'!$K3,"AAA",IF(J27<='组合输入'!$L3,"AA",IF(J27<='组合输入'!$M3,"A",IF(J27<='组合输入'!$N3,"BBB",IF(J27<='组合输入'!$O3,"BB",IF(J27<='组合输入'!$P3,"B",IF(J27<='组合输入'!$Q3,"CCC","D"))))))) | L27: =IF(K27="","",INDEX('状态价值'!$D3:$K3,MATCH(K27,'状态价值'!$D$1:$K$1,0))) | M27: =NORM.S.INV(RAND()) | N27: =IF('组合输入'!$C4="","",'组合输入'!$H4*$B27+SQRT(1-'组合输入'!$H4^2)*M27) | O27: =IF(N27="","",NORM.S.DIST(N27,TRUE)) | P27: =IF(O27="","",IF(O27<='组合输入'!$K4,"AAA",IF(O27<='组合输入'!$L4,"AA",IF(O27<='组合输入'!$M4,"A",IF(O27<='组合输入'!$N4,"BBB",IF(O27<='组合输入'!$O4,"BB",IF(O27<='组合输入'!$P4,"B",IF(O27<='组合输入'!$Q4,"CCC","D"))))))) | Q27: =IF(P27="","",INDEX('状态价值'!$D4:$K4,MATCH(P27,'状态价值'!$D$1:$K$1,0))) | R27: =NORM.S.INV(RAND()) | S27: =IF('组合输入'!$C5="","",'组合输入'!$H5*$B27+SQRT(1-'组合输入'!$H5^2)*R27) | T27: =IF(S27="","",NORM.S.DIST(S27,TRUE)) | U27: =IF(T27="","",IF(T27<='组合输入'!$K5,"AAA",IF(T27<='组合输入'!$L5,"AA",IF(T27<='组合输入'!$M5,"A",IF(T27<='组合输入'!$N5,"BBB",IF(T27<='组合输入'!$O5,"BB",IF(T27<='组合输入'!$P5,"B",IF(T27<='组合输入'!$Q5,"CCC","D"))))))) | V27: =IF(U27="","",INDEX('状态价值'!$D5:$K5,MATCH(U27,'状态价值'!$D$1:$K$1,0))) | W27: =NORM.S.INV(RAND()) | X27: =IF('组合输入'!$C6="","",'组合输入'!$H6*$B27+SQRT(1-'组合输入'!$H6^2)*W27) | Y27: =IF(X27="","",NORM.S.DIST(X27,TRUE)) | Z27: =IF(Y27="","",IF(Y27<='组合输入'!$K6,"AAA",IF(Y27<='组合输入'!$L6,"AA",IF(Y27<='组合输入'!$M6,"A",IF(Y27<='组合输入'!$N6,"BBB",IF(Y27<='组合输入'!$O6,"BB",IF(Y27<='组合输入'!$P6,"B",IF(Y27<='组合输入'!$Q6,"CCC","D"))))))) | AA27: =IF(Z27="","",INDEX('状态价值'!$D6:$K6,MATCH(Z27,'状态价值'!$D$1:$K$1,0))) | AB27: =NORM.S.INV(RAND()) | AC27: =IF('组合输入'!$C7="","",'组合输入'!$H7*$B27+SQRT(1-'组合输入'!$H7^2)*AB27) | AD27: =IF(AC27="","",NORM.S.DIST(AC27,TRUE)) | AE27: =IF(AD27="","",IF(AD27<='组合输入'!$K7,"AAA",IF(AD27<='组合输入'!$L7,"AA",IF(AD27<='组合输入'!$M7,"A",IF(AD27<='组合输入'!$N7,"BBB",IF(AD27<='组合输入'!$O7,"BB",IF(AD27<='组合输入'!$P7,"B",IF(AD27<='组合输入'!$Q7,"CCC","D"))))))) | AF27: =IF(AE27="","",INDEX('状态价值'!$D7:$K7,MATCH(AE27,'状态价值'!$D$1:$K$1,0))) | AG27: =NORM.S.INV(RAND()) | AH27: =IF('组合输入'!$C8="","",'组合输入'!$H8*$B27+SQRT(1-'组合输入'!$H8^2)*AG27) | AI27: =IF(AH27="","",NORM.S.DIST(AH27,TRUE)) | AJ27: =IF(AI27="","",IF(AI27<='组合输入'!$K8,"AAA",IF(AI27<='组合输入'!$L8,"AA",IF(AI27<='组合输入'!$M8,"A",IF(AI27<='组合输入'!$N8,"BBB",IF(AI27<='组合输入'!$O8,"BB",IF(AI27<='组合输入'!$P8,"B",IF(AI27<='组合输入'!$Q8,"CCC","D"))))))) | AK27: =IF(AJ27="","",INDEX('状态价值'!$D8:$K8,MATCH(AJ27,'状态价值'!$D$1:$K$1,0))) | AL27: =NORM.S.INV(RAND()) | AM27: =IF('组合输入'!$C9="","",'组合输入'!$H9*$B27+SQRT(1-'组合输入'!$H9^2)*AL27) | AN27: =IF(AM27="","",NORM.S.DIST(AM27,TRUE)) | AO27: =IF(AN27="","",IF(AN27<='组合输入'!$K9,"AAA",IF(AN27<='组合输入'!$L9,"AA",IF(AN27<='组合输入'!$M9,"A",IF(AN27<='组合输入'!$N9,"BBB",IF(AN27<='组合输入'!$O9,"BB",IF(AN27<='组合输入'!$P9,"B",IF(AN27<='组合输入'!$Q9,"CCC","D"))))))) | AP27: =IF(AO27="","",INDEX('状态价值'!$D9:$K9,MATCH(AO27,'状态价值'!$D$1:$K$1,0))) | AQ27: =NORM.S.INV(RAND()) | AR27: =IF('组合输入'!$C10="","",'组合输入'!$H10*$B27+SQRT(1-'组合输入'!$H10^2)*AQ27) | AS27: =IF(AR27="","",NORM.S.DIST(AR27,TRUE)) | AT27: =IF(AS27="","",IF(AS27<='组合输入'!$K10,"AAA",IF(AS27<='组合输入'!$L10,"AA",IF(AS27<='组合输入'!$M10,"A",IF(AS27<='组合输入'!$N10,"BBB",IF(AS27<='组合输入'!$O10,"BB",IF(AS27<='组合输入'!$P10,"B",IF(AS27<='组合输入'!$Q10,"CCC","D"))))))) | AU27: =IF(AT27="","",INDEX('状态价值'!$D10:$K10,MATCH(AT27,'状态价值'!$D$1:$K$1,0))) | AV27: =NORM.S.INV(RAND()) | AW27: =IF('组合输入'!$C11="","",'组合输入'!$H11*$B27+SQRT(1-'组合输入'!$H11^2)*AV27) | AX27: =IF(AW27="","",NORM.S.DIST(AW27,TRUE)) | AY27: =IF(AX27="","",IF(AX27<='组合输入'!$K11,"AAA",IF(AX27<='组合输入'!$L11,"AA",IF(AX27<='组合输入'!$M11,"A",IF(AX27<='组合输入'!$N11,"BBB",IF(AX27<='组合输入'!$O11,"BB",IF(AX27<='组合输入'!$P11,"B",IF(AX27<='组合输入'!$Q11,"CCC","D"))))))) | AZ27: =IF(AY27="","",INDEX('状态价值'!$D11:$K11,MATCH(AY27,'状态价值'!$D$1:$K$1,0))) | BA27: =G27+L27+Q27+V27+AA27+AF27+AK27+AP27+AU27+AZ27 | BB27: =SUM('组合输入'!$J$2:$J$11)-BA27
A28: 27 | B28: =NORM.S.INV(RAND()) | C28: =NORM.S.INV(RAND()) | D28: =IF('组合输入'!$C2="","",'组合输入'!$H2*$B28+SQRT(1-'组合输入'!$H2^2)*C28) | E28: =IF(D28="","",NORM.S.DIST(D28,TRUE)) | F28: =IF(E28="","",IF(E28<='组合输入'!$K2,"AAA",IF(E28<='组合输入'!$L2,"AA",IF(E28<='组合输入'!$M2,"A",IF(E28<='组合输入'!$N2,"BBB",IF(E28<='组合输入'!$O2,"BB",IF(E28<='组合输入'!$P2,"B",IF(E28<='组合输入'!$Q2,"CCC","D"))))))) | G28: =IF(F28="","",INDEX('状态价值'!$D2:$K2,MATCH(F28,'状态价值'!$D$1:$K$1,0))) | H28: =NORM.S.INV(RAND()) | I28: =IF('组合输入'!$C3="","",'组合输入'!$H3*$B28+SQRT(1-'组合输入'!$H3^2)*H28) | J28: =IF(I28="","",NORM.S.DIST(I28,TRUE)) | K28: =IF(J28="","",IF(J28<='组合输入'!$K3,"AAA",IF(J28<='组合输入'!$L3,"AA",IF(J28<='组合输入'!$M3,"A",IF(J28<='组合输入'!$N3,"BBB",IF(J28<='组合输入'!$O3,"BB",IF(J28<='组合输入'!$P3,"B",IF(J28<='组合输入'!$Q3,"CCC","D"))))))) | L28: =IF(K28="","",INDEX('状态价值'!$D3:$K3,MATCH(K28,'状态价值'!$D$1:$K$1,0))) | M28: =NORM.S.INV(RAND()) | N28: =IF('组合输入'!$C4="","",'组合输入'!$H4*$B28+SQRT(1-'组合输入'!$H4^2)*M28) | O28: =IF(N28="","",NORM.S.DIST(N28,TRUE)) | P28: =IF(O28="","",IF(O28<='组合输入'!$K4,"AAA",IF(O28<='组合输入'!$L4,"AA",IF(O28<='组合输入'!$M4,"A",IF(O28<='组合输入'!$N4,"BBB",IF(O28<='组合输入'!$O4,"BB",IF(O28<='组合输入'!$P4,"B",IF(O28<='组合输入'!$Q4,"CCC","D"))))))) | Q28: =IF(P28="","",INDEX('状态价值'!$D4:$K4,MATCH(P28,'状态价值'!$D$1:$K$1,0))) | R28: =NORM.S.INV(RAND()) | S28: =IF('组合输入'!$C5="","",'组合输入'!$H5*$B28+SQRT(1-'组合输入'!$H5^2)*R28) | T28: =IF(S28="","",NORM.S.DIST(S28,TRUE)) | U28: =IF(T28="","",IF(T28<='组合输入'!$K5,"AAA",IF(T28<='组合输入'!$L5,"AA",IF(T28<='组合输入'!$M5,"A",IF(T28<='组合输入'!$N5,"BBB",IF(T28<='组合输入'!$O5,"BB",IF(T28<='组合输入'!$P5,"B",IF(T28<='组合输入'!$Q5,"CCC","D"))))))) | V28: =IF(U28="","",INDEX('状态价值'!$D5:$K5,MATCH(U28,'状态价值'!$D$1:$K$1,0))) | W28: =NORM.S.INV(RAND()) | X28: =IF('组合输入'!$C6="","",'组合输入'!$H6*$B28+SQRT(1-'组合输入'!$H6^2)*W28) | Y28: =IF(X28="","",NORM.S.DIST(X28,TRUE)) | Z28: =IF(Y28="","",IF(Y28<='组合输入'!$K6,"AAA",IF(Y28<='组合输入'!$L6,"AA",IF(Y28<='组合输入'!$M6,"A",IF(Y28<='组合输入'!$N6,"BBB",IF(Y28<='组合输入'!$O6,"BB",IF(Y28<='组合输入'!$P6,"B",IF(Y28<='组合输入'!$Q6,"CCC","D"))))))) | AA28: =IF(Z28="","",INDEX('状态价值'!$D6:$K6,MATCH(Z28,'状态价值'!$D$1:$K$1,0))) | AB28: =NORM.S.INV(RAND()) | AC28: =IF('组合输入'!$C7="","",'组合输入'!$H7*$B28+SQRT(1-'组合输入'!$H7^2)*AB28) | AD28: =IF(AC28="","",NORM.S.DIST(AC28,TRUE)) | AE28: =IF(AD28="","",IF(AD28<='组合输入'!$K7,"AAA",IF(AD28<='组合输入'!$L7,"AA",IF(AD28<='组合输入'!$M7,"A",IF(AD28<='组合输入'!$N7,"BBB",IF(AD28<='组合输入'!$O7,"BB",IF(AD28<='组合输入'!$P7,"B",IF(AD28<='组合输入'!$Q7,"CCC","D"))))))) | AF28: =IF(AE28="","",INDEX('状态价值'!$D7:$K7,MATCH(AE28,'状态价值'!$D$1:$K$1,0))) | AG28: =NORM.S.INV(RAND()) | AH28: =IF('组合输入'!$C8="","",'组合输入'!$H8*$B28+SQRT(1-'组合输入'!$H8^2)*AG28) | AI28: =IF(AH28="","",NORM.S.DIST(AH28,TRUE)) | AJ28: =IF(AI28="","",IF(AI28<='组合输入'!$K8,"AAA",IF(AI28<='组合输入'!$L8,"AA",IF(AI28<='组合输入'!$M8,"A",IF(AI28<='组合输入'!$N8,"BBB",IF(AI28<='组合输入'!$O8,"BB",IF(AI28<='组合输入'!$P8,"B",IF(AI28<='组合输入'!$Q8,"CCC","D"))))))) | AK28: =IF(AJ28="","",INDEX('状态价值'!$D8:$K8,MATCH(AJ28,'状态价值'!$D$1:$K$1,0))) | AL28: =NORM.S.INV(RAND()) | AM28: =IF('组合输入'!$C9="","",'组合输入'!$H9*$B28+SQRT(1-'组合输入'!$H9^2)*AL28) | AN28: =IF(AM28="","",NORM.S.DIST(AM28,TRUE)) | AO28: =IF(AN28="","",IF(AN28<='组合输入'!$K9,"AAA",IF(AN28<='组合输入'!$L9,"AA",IF(AN28<='组合输入'!$M9,"A",IF(AN28<='组合输入'!$N9,"BBB",IF(AN28<='组合输入'!$O9,"BB",IF(AN28<='组合输入'!$P9,"B",IF(AN28<='组合输入'!$Q9,"CCC","D"))))))) | AP28: =IF(AO28="","",INDEX('状态价值'!$D9:$K9,MATCH(AO28,'状态价值'!$D$1:$K$1,0))) | AQ28: =NORM.S.INV(RAND()) | AR28: =IF('组合输入'!$C10="","",'组合输入'!$H10*$B28+SQRT(1-'组合输入'!$H10^2)*AQ28) | AS28: =IF(AR28="","",NORM.S.DIST(AR28,TRUE)) | AT28: =IF(AS28="","",IF(AS28<='组合输入'!$K10,"AAA",IF(AS28<='组合输入'!$L10,"AA",IF(AS28<='组合输入'!$M10,"A",IF(AS28<='组合输入'!$N10,"BBB",IF(AS28<='组合输入'!$O10,"BB",IF(AS28<='组合输入'!$P10,"B",IF(AS28<='组合输入'!$Q10,"CCC","D"))))))) | AU28: =IF(AT28="","",INDEX('状态价值'!$D10:$K10,MATCH(AT28,'状态价值'!$D$1:$K$1,0))) | AV28: =NORM.S.INV(RAND()) | AW28: =IF('组合输入'!$C11="","",'组合输入'!$H11*$B28+SQRT(1-'组合输入'!$H11^2)*AV28) | AX28: =IF(AW28="","",NORM.S.DIST(AW28,TRUE)) | AY28: =IF(AX28="","",IF(AX28<='组合输入'!$K11,"AAA",IF(AX28<='组合输入'!$L11,"AA",IF(AX28<='组合输入'!$M11,"A",IF(AX28<='组合输入'!$N11,"BBB",IF(AX28<='组合输入'!$O11,"BB",IF(AX28<='组合输入'!$P11,"B",IF(AX28<='组合输入'!$Q11,"CCC","D"))))))) | AZ28: =IF(AY28="","",INDEX('状态价值'!$D11:$K11,MATCH(AY28,'状态价值'!$D$1:$K$1,0))) | BA28: =G28+L28+Q28+V28+AA28+AF28+AK28+AP28+AU28+AZ28 | BB28: =SUM('组合输入'!$J$2:$J$11)-BA28
A29: 28 | B29: =NORM.S.INV(RAND()) | C29: =NORM.S.INV(RAND()) | D29: =IF('组合输入'!$C2="","",'组合输入'!$H2*$B29+SQRT(1-'组合输入'!$H2^2)*C29) | E29: =IF(D29="","",NORM.S.DIST(D29,TRUE)) | F29: =IF(E29="","",IF(E29<='组合输入'!$K2,"AAA",IF(E29<='组合输入'!$L2,"AA",IF(E29<='组合输入'!$M2,"A",IF(E29<='组合输入'!$N2,"BBB",IF(E29<='组合输入'!$O2,"BB",IF(E29<='组合输入'!$P2,"B",IF(E29<='组合输入'!$Q2,"CCC","D"))))))) | G29: =IF(F29="","",INDEX('状态价值'!$D2:$K2,MATCH(F29,'状态价值'!$D$1:$K$1,0))) | H29: =NORM.S.INV(RAND()) | I29: =IF('组合输入'!$C3="","",'组合输入'!$H3*$B29+SQRT(1-'组合输入'!$H3^2)*H29) | J29: =IF(I29="","",NORM.S.DIST(I29,TRUE)) | K29: =IF(J29="","",IF(J29<='组合输入'!$K3,"AAA",IF(J29<='组合输入'!$L3,"AA",IF(J29<='组合输入'!$M3,"A",IF(J29<='组合输入'!$N3,"BBB",IF(J29<='组合输入'!$O3,"BB",IF(J29<='组合输入'!$P3,"B",IF(J29<='组合输入'!$Q3,"CCC","D"))))))) | L29: =IF(K29="","",INDEX('状态价值'!$D3:$K3,MATCH(K29,'状态价值'!$D$1:$K$1,0))) | M29: =NORM.S.INV(RAND()) | N29: =IF('组合输入'!$C4="","",'组合输入'!$H4*$B29+SQRT(1-'组合输入'!$H4^2)*M29) | O29: =IF(N29="","",NORM.S.DIST(N29,TRUE)) | P29: =IF(O29="","",IF(O29<='组合输入'!$K4,"AAA",IF(O29<='组合输入'!$L4,"AA",IF(O29<='组合输入'!$M4,"A",IF(O29<='组合输入'!$N4,"BBB",IF(O29<='组合输入'!$O4,"BB",IF(O29<='组合输入'!$P4,"B",IF(O29<='组合输入'!$Q4,"CCC","D"))))))) | Q29: =IF(P29="","",INDEX('状态价值'!$D4:$K4,MATCH(P29,'状态价值'!$D$1:$K$1,0))) | R29: =NORM.S.INV(RAND()) | S29: =IF('组合输入'!$C5="","",'组合输入'!$H5*$B29+SQRT(1-'组合输入'!$H5^2)*R29) | T29: =IF(S29="","",NORM.S.DIST(S29,TRUE)) | U29: =IF(T29="","",IF(T29<='组合输入'!$K5,"AAA",IF(T29<='组合输入'!$L5,"AA",IF(T29<='组合输入'!$M5,"A",IF(T29<='组合输入'!$N5,"BBB",IF(T29<='组合输入'!$O5,"BB",IF(T29<='组合输入'!$P5,"B",IF(T29<='组合输入'!$Q5,"CCC","D"))))))) | V29: =IF(U29="","",INDEX('状态价值'!$D5:$K5,MATCH(U29,'状态价值'!$D$1:$K$1,0))) | W29: =NORM.S.INV(RAND()) | X29: =IF('组合输入'!$C6="","",'组合输入'!$H6*$B29+SQRT(1-'组合输入'!$H6^2)*W29) | Y29: =IF(X29="","",NORM.S.DIST(X29,TRUE)) | Z29: =IF(Y29="","",IF(Y29<='组合输入'!$K6,"AAA",IF(Y29<='组合输入'!$L6,"AA",IF(Y29<='组合输入'!$M6,"A",IF(Y29<='组合输入'!$N6,"BBB",IF(Y29<='组合输入'!$O6,"BB",IF(Y29<='组合输入'!$P6,"B",IF(Y29<='组合输入'!$Q6,"CCC","D"))))))) | AA29: =IF(Z29="","",INDEX('状态价值'!$D6:$K6,MATCH(Z29,'状态价值'!$D$1:$K$1,0))) | AB29: =NORM.S.INV(RAND()) | AC29: =IF('组合输入'!$C7="","",'组合输入'!$H7*$B29+SQRT(1-'组合输入'!$H7^2)*AB29) | AD29: =IF(AC29="","",NORM.S.DIST(AC29,TRUE)) | AE29: =IF(AD29="","",IF(AD29<='组合输入'!$K7,"AAA",IF(AD29<='组合输入'!$L7,"AA",IF(AD29<='组合输入'!$M7,"A",IF(AD29<='组合输入'!$N7,"BBB",IF(AD29<='组合输入'!$O7,"BB",IF(AD29<='组合输入'!$P7,"B",IF(AD29<='组合输入'!$Q7,"CCC","D"))))))) | AF29: =IF(AE29="","",INDEX('状态价值'!$D7:$K7,MATCH(AE29,'状态价值'!$D$1:$K$1,0))) | AG29: =NORM.S.INV(RAND()) | AH29: =IF('组合输入'!$C8="","",'组合输入'!$H8*$B29+SQRT(1-'组合输入'!$H8^2)*AG29) | AI29: =IF(AH29="","",NORM.S.DIST(AH29,TRUE)) | AJ29: =IF(AI29="","",IF(AI29<='组合输入'!$K8,"AAA",IF(AI29<='组合输入'!$L8,"AA",IF(AI29<='组合输入'!$M8,"A",IF(AI29<='组合输入'!$N8,"BBB",IF(AI29<='组合输入'!$O8,"BB",IF(AI29<='组合输入'!$P8,"B",IF(AI29<='组合输入'!$Q8,"CCC","D"))))))) | AK29: =IF(AJ29="","",INDEX('状态价值'!$D8:$K8,MATCH(AJ29,'状态价值'!$D$1:$K$1,0))) | AL29: =NORM.S.INV(RAND()) | AM29: =IF('组合输入'!$C9="","",'组合输入'!$H9*$B29+SQRT(1-'组合输入'!$H9^2)*AL29) | AN29: =IF(AM29="","",NORM.S.DIST(AM29,TRUE)) | AO29: =IF(AN29="","",IF(AN29<='组合输入'!$K9,"AAA",IF(AN29<='组合输入'!$L9,"AA",IF(AN29<='组合输入'!$M9,"A",IF(AN29<='组合输入'!$N9,"BBB",IF(AN29<='组合输入'!$O9,"BB",IF(AN29<='组合输入'!$P9,"B",IF(AN29<='组合输入'!$Q9,"CCC","D"))))))) | AP29: =IF(AO29="","",INDEX('状态价值'!$D9:$K9,MATCH(AO29,'状态价值'!$D$1:$K$1,0))) | AQ29: =NORM.S.INV(RAND()) | AR29: =IF('组合输入'!$C10="","",'组合输入'!$H10*$B29+SQRT(1-'组合输入'!$H10^2)*AQ29) | AS29: =IF(AR29="","",NORM.S.DIST(AR29,TRUE)) | AT29: =IF(AS29="","",IF(AS29<='组合输入'!$K10,"AAA",IF(AS29<='组合输入'!$L10,"AA",IF(AS29<='组合输入'!$M10,"A",IF(AS29<='组合输入'!$N10,"BBB",IF(AS29<='组合输入'!$O10,"BB",IF(AS29<='组合输入'!$P10,"B",IF(AS29<='组合输入'!$Q10,"CCC","D"))))))) | AU29: =IF(AT29="","",INDEX('状态价值'!$D10:$K10,MATCH(AT29,'状态价值'!$D$1:$K$1,0))) | AV29: =NORM.S.INV(RAND()) | AW29: =IF('组合输入'!$C11="","",'组合输入'!$H11*$B29+SQRT(1-'组合输入'!$H11^2)*AV29) | AX29: =IF(AW29="","",NORM.S.DIST(AW29,TRUE)) | AY29: =IF(AX29="","",IF(AX29<='组合输入'!$K11,"AAA",IF(AX29<='组合输入'!$L11,"AA",IF(AX29<='组合输入'!$M11,"A",IF(AX29<='组合输入'!$N11,"BBB",IF(AX29<='组合输入'!$O11,"BB",IF(AX29<='组合输入'!$P11,"B",IF(AX29<='组合输入'!$Q11,"CCC","D"))))))) | AZ29: =IF(AY29="","",INDEX('状态价值'!$D11:$K11,MATCH(AY29,'状态价值'!$D$1:$K$1,0))) | BA29: =G29+L29+Q29+V29+AA29+AF29+AK29+AP29+AU29+AZ29 | BB29: =SUM('组合输入'!$J$2:$J$11)-BA29
A30: 29 | B30: =NORM.S.INV(RAND()) | C30: =NORM.S.INV(RAND()) | D30: =IF('组合输入'!$C2="","",'组合输入'!$H2*$B30+SQRT(1-'组合输入'!$H2^2)*C30) | E30: =IF(D30="","",NORM.S.DIST(D30,TRUE)) | F30: =IF(E30="","",IF(E30<='组合输入'!$K2,"AAA",IF(E30<='组合输入'!$L2,"AA",IF(E30<='组合输入'!$M2,"A",IF(E30<='组合输入'!$N2,"BBB",IF(E30<='组合输入'!$O2,"BB",IF(E30<='组合输入'!$P2,"B",IF(E30<='组合输入'!$Q2,"CCC","D"))))))) | G30: =IF(F30="","",INDEX('状态价值'!$D2:$K2,MATCH(F30,'状态价值'!$D$1:$K$1,0))) | H30: =NORM.S.INV(RAND()) | I30: =IF('组合输入'!$C3="","",'组合输入'!$H3*$B30+SQRT(1-'组合输入'!$H3^2)*H30) | J30: =IF(I30="","",NORM.S.DIST(I30,TRUE)) | K30: =IF(J30="","",IF(J30<='组合输入'!$K3,"AAA",IF(J30<='组合输入'!$L3,"AA",IF(J30<='组合输入'!$M3,"A",IF(J30<='组合输入'!$N3,"BBB",IF(J30<='组合输入'!$O3,"BB",IF(J30<='组合输入'!$P3,"B",IF(J30<='组合输入'!$Q3,"CCC","D"))))))) | L30: =IF(K30="","",INDEX('状态价值'!$D3:$K3,MATCH(K30,'状态价值'!$D$1:$K$1,0))) | M30: =NORM.S.INV(RAND()) | N30: =IF('组合输入'!$C4="","",'组合输入'!$H4*$B30+SQRT(1-'组合输入'!$H4^2)*M30) | O30: =IF(N30="","",NORM.S.DIST(N30,TRUE)) | P30: =IF(O30="","",IF(O30<='组合输入'!$K4,"AAA",IF(O30<='组合输入'!$L4,"AA",IF(O30<='组合输入'!$M4,"A",IF(O30<='组合输入'!$N4,"BBB",IF(O30<='组合输入'!$O4,"BB",IF(O30<='组合输入'!$P4,"B",IF(O30<='组合输入'!$Q4,"CCC","D"))))))) | Q30: =IF(P30="","",INDEX('状态价值'!$D4:$K4,MATCH(P30,'状态价值'!$D$1:$K$1,0))) | R30: =NORM.S.INV(RAND()) | S30: =IF('组合输入'!$C5="","",'组合输入'!$H5*$B30+SQRT(1-'组合输入'!$H5^2)*R30) | T30: =IF(S30="","",NORM.S.DIST(S30,TRUE)) | U30: =IF(T30="","",IF(T30<='组合输入'!$K5,"AAA",IF(T30<='组合输入'!$L5,"AA",IF(T30<='组合输入'!$M5,"A",IF(T30<='组合输入'!$N5,"BBB",IF(T30<='组合输入'!$O5,"BB",IF(T30<='组合输入'!$P5,"B",IF(T30<='组合输入'!$Q5,"CCC","D"))))))) | V30: =IF(U30="","",INDEX('状态价值'!$D5:$K5,MATCH(U30,'状态价值'!$D$1:$K$1,0))) | W30: =NORM.S.INV(RAND()) | X30: =IF('组合输入'!$C6="","",'组合输入'!$H6*$B30+SQRT(1-'组合输入'!$H6^2)*W30) | Y30: =IF(X30="","",NORM.S.DIST(X30,TRUE)) | Z30: =IF(Y30="","",IF(Y30<='组合输入'!$K6,"AAA",IF(Y30<='组合输入'!$L6,"AA",IF(Y30<='组合输入'!$M6,"A",IF(Y30<='组合输入'!$N6,"BBB",IF(Y30<='组合输入'!$O6,"BB",IF(Y30<='组合输入'!$P6,"B",IF(Y30<='组合输入'!$Q6,"CCC","D"))))))) | AA30: =IF(Z30="","",INDEX('状态价值'!$D6:$K6,MATCH(Z30,'状态价值'!$D$1:$K$1,0))) | AB30: =NORM.S.INV(RAND()) | AC30: =IF('组合输入'!$C7="","",'组合输入'!$H7*$B30+SQRT(1-'组合输入'!$H7^2)*AB30) | AD30: =IF(AC30="","",NORM.S.DIST(AC30,TRUE)) | AE30: =IF(AD30="","",IF(AD30<='组合输入'!$K7,"AAA",IF(AD30<='组合输入'!$L7,"AA",IF(AD30<='组合输入'!$M7,"A",IF(AD30<='组合输入'!$N7,"BBB",IF(AD30<='组合输入'!$O7,"BB",IF(AD30<='组合输入'!$P7,"B",IF(AD30<='组合输入'!$Q7,"CCC","D"))))))) | AF30: =IF(AE30="","",INDEX('状态价值'!$D7:$K7,MATCH(AE30,'状态价值'!$D$1:$K$1,0))) | AG30: =NORM.S.INV(RAND()) | AH30: =IF('组合输入'!$C8="","",'组合输入'!$H8*$B30+SQRT(1-'组合输入'!$H8^2)*AG30) | AI30: =IF(AH30="","",NORM.S.DIST(AH30,TRUE)) | AJ30: =IF(AI30="","",IF(AI30<='组合输入'!$K8,"AAA",IF(AI30<='组合输入'!$L8,"AA",IF(AI30<='组合输入'!$M8,"A",IF(AI30<='组合输入'!$N8,"BBB",IF(AI30<='组合输入'!$O8,"BB",IF(AI30<='组合输入'!$P8,"B",IF(AI30<='组合输入'!$Q8,"CCC","D"))))))) | AK30: =IF(AJ30="","",INDEX('状态价值'!$D8:$K8,MATCH(AJ30,'状态价值'!$D$1:$K$1,0))) | AL30: =NORM.S.INV(RAND()) | AM30: =IF('组合输入'!$C9="","",'组合输入'!$H9*$B30+SQRT(1-'组合输入'!$H9^2)*AL30) | AN30: =IF(AM30="","",NORM.S.DIST(AM30,TRUE)) | AO30: =IF(AN30="","",IF(AN30<='组合输入'!$K9,"AAA",IF(AN30<='组合输入'!$L9,"AA",IF(AN30<='组合输入'!$M9,"A",IF(AN30<='组合输入'!$N9,"BBB",IF(AN30<='组合输入'!$O9,"BB",IF(AN30<='组合输入'!$P9,"B",IF(AN30<='组合输入'!$Q9,"CCC","D"))))))) | AP30: =IF(AO30="","",INDEX('状态价值'!$D9:$K9,MATCH(AO30,'状态价值'!$D$1:$K$1,0))) | AQ30: =NORM.S.INV(RAND()) | AR30: =IF('组合输入'!$C10="","",'组合输入'!$H10*$B30+SQRT(1-'组合输入'!$H10^2)*AQ30) | AS30: =IF(AR30="","",NORM.S.DIST(AR30,TRUE)) | AT30: =IF(AS30="","",IF(AS30<='组合输入'!$K10,"AAA",IF(AS30<='组合输入'!$L10,"AA",IF(AS30<='组合输入'!$M10,"A",IF(AS30<='组合输入'!$N10,"BBB",IF(AS30<='组合输入'!$O10,"BB",IF(AS30<='组合输入'!$P10,"B",IF(AS30<='组合输入'!$Q10,"CCC","D"))))))) | AU30: =IF(AT30="","",INDEX('状态价值'!$D10:$K10,MATCH(AT30,'状态价值'!$D$1:$K$1,0))) | AV30: =NORM.S.INV(RAND()) | AW30: =IF('组合输入'!$C11="","",'组合输入'!$H11*$B30+SQRT(1-'组合输入'!$H11^2)*AV30) | AX30: =IF(AW30="","",NORM.S.DIST(AW30,TRUE)) | AY30: =IF(AX30="","",IF(AX30<='组合输入'!$K11,"AAA",IF(AX30<='组合输入'!$L11,"AA",IF(AX30<='组合输入'!$M11,"A",IF(AX30<='组合输入'!$N11,"BBB",IF(AX30<='组合输入'!$O11,"BB",IF(AX30<='组合输入'!$P11,"B",IF(AX30<='组合输入'!$Q11,"CCC","D"))))))) | AZ30: =IF(AY30="","",INDEX('状态价值'!$D11:$K11,MATCH(AY30,'状态价值'!$D$1:$K$1,0))) | BA30: =G30+L30+Q30+V30+AA30+AF30+AK30+AP30+AU30+AZ30 | BB30: =SUM('组合输入'!$J$2:$J$11)-BA30
A31: 30 | B31: =NORM.S.INV(RAND()) | C31: =NORM.S.INV(RAND()) | D31: =IF('组合输入'!$C2="","",'组合输入'!$H2*$B31+SQRT(1-'组合输入'!$H2^2)*C31) | E31: =IF(D31="","",NORM.S.DIST(D31,TRUE)) | F31: =IF(E31="","",IF(E31<='组合输入'!$K2,"AAA",IF(E31<='组合输入'!$L2,"AA",IF(E31<='组合输入'!$M2,"A",IF(E31<='组合输入'!$N2,"BBB",IF(E31<='组合输入'!$O2,"BB",IF(E31<='组合输入'!$P2,"B",IF(E31<='组合输入'!$Q2,"CCC","D"))))))) | G31: =IF(F31="","",INDEX('状态价值'!$D2:$K2,MATCH(F31,'状态价值'!$D$1:$K$1,0))) | H31: =NORM.S.INV(RAND()) | I31: =IF('组合输入'!$C3="","",'组合输入'!$H3*$B31+SQRT(1-'组合输入'!$H3^2)*H31) | J31: =IF(I31="","",NORM.S.DIST(I31,TRUE)) | K31: =IF(J31="","",IF(J31<='组合输入'!$K3,"AAA",IF(J31<='组合输入'!$L3,"AA",IF(J31<='组合输入'!$M3,"A",IF(J31<='组合输入'!$N3,"BBB",IF(J31<='组合输入'!$O3,"BB",IF(J31<='组合输入'!$P3,"B",IF(J31<='组合输入'!$Q3,"CCC","D"))))))) | L31: =IF(K31="","",INDEX('状态价值'!$D3:$K3,MATCH(K31,'状态价值'!$D$1:$K$1,0))) | M31: =NORM.S.INV(RAND()) | N31: =IF('组合输入'!$C4="","",'组合输入'!$H4*$B31+SQRT(1-'组合输入'!$H4^2)*M31) | O31: =IF(N31="","",NORM.S.DIST(N31,TRUE)) | P31: =IF(O31="","",IF(O31<='组合输入'!$K4,"AAA",IF(O31<='组合输入'!$L4,"AA",IF(O31<='组合输入'!$M4,"A",IF(O31<='组合输入'!$N4,"BBB",IF(O31<='组合输入'!$O4,"BB",IF(O31<='组合输入'!$P4,"B",IF(O31<='组合输入'!$Q4,"CCC","D"))))))) | Q31: =IF(P31="","",INDEX('状态价值'!$D4:$K4,MATCH(P31,'状态价值'!$D$1:$K$1,0))) | R31: =NORM.S.INV(RAND()) | S31: =IF('组合输入'!$C5="","",'组合输入'!$H5*$B31+SQRT(1-'组合输入'!$H5^2)*R31) | T31: =IF(S31="","",NORM.S.DIST(S31,TRUE)) | U31: =IF(T31="","",IF(T31<='组合输入'!$K5,"AAA",IF(T31<='组合输入'!$L5,"AA",IF(T31<='组合输入'!$M5,"A",IF(T31<='组合输入'!$N5,"BBB",IF(T31<='组合输入'!$O5,"BB",IF(T31<='组合输入'!$P5,"B",IF(T31<='组合输入'!$Q5,"CCC","D"))))))) | V31: =IF(U31="","",INDEX('状态价值'!$D5:$K5,MATCH(U31,'状态价值'!$D$1:$K$1,0))) | W31: =NORM.S.INV(RAND()) | X31: =IF('组合输入'!$C6="","",'组合输入'!$H6*$B31+SQRT(1-'组合输入'!$H6^2)*W31) | Y31: =IF(X31="","",NORM.S.DIST(X31,TRUE)) | Z31: =IF(Y31="","",IF(Y31<='组合输入'!$K6,"AAA",IF(Y31<='组合输入'!$L6,"AA",IF(Y31<='组合输入'!$M6,"A",IF(Y31<='组合输入'!$N6,"BBB",IF(Y31<='组合输入'!$O6,"BB",IF(Y31<='组合输入'!$P6,"B",IF(Y31<='组合输入'!$Q6,"CCC","D"))))))) | AA31: =IF(Z31="","",INDEX('状态价值'!$D6:$K6,MATCH(Z31,'状态价值'!$D$1:$K$1,0))) | AB31: =NORM.S.INV(RAND()) | AC31: =IF('组合输入'!$C7="","",'组合输入'!$H7*$B31+SQRT(1-'组合输入'!$H7^2)*AB31) | AD31: =IF(AC31="","",NORM.S.DIST(AC31,TRUE)) | AE31: =IF(AD31="","",IF(AD31<='组合输入'!$K7,"AAA",IF(AD31<='组合输入'!$L7,"AA",IF(AD31<='组合输入'!$M7,"A",IF(AD31<='组合输入'!$N7,"BBB",IF(AD31<='组合输入'!$O7,"BB",IF(AD31<='组合输入'!$P7,"B",IF(AD31<='组合输入'!$Q7,"CCC","D"))))))) | AF31: =IF(AE31="","",INDEX('状态价值'!$D7:$K7,MATCH(AE31,'状态价值'!$D$1:$K$1,0))) | AG31: =NORM.S.INV(RAND()) | AH31: =IF('组合输入'!$C8="","",'组合输入'!$H8*$B31+SQRT(1-'组合输入'!$H8^2)*AG31) | AI31: =IF(AH31="","",NORM.S.DIST(AH31,TRUE)) | AJ31: =IF(AI31="","",IF(AI31<='组合输入'!$K8,"AAA",IF(AI31<='组合输入'!$L8,"AA",IF(AI31<='组合输入'!$M8,"A",IF(AI31<='组合输入'!$N8,"BBB",IF(AI31<='组合输入'!$O8,"BB",IF(AI31<='组合输入'!$P8,"B",IF(AI31<='组合输入'!$Q8,"CCC","D"))))))) | AK31: =IF(AJ31="","",INDEX('状态价值'!$D8:$K8,MATCH(AJ31,'状态价值'!$D$1:$K$1,0))) | AL31: =NORM.S.INV(RAND()) | AM31: =IF('组合输入'!$C9="","",'组合输入'!$H9*$B31+SQRT(1-'组合输入'!$H9^2)*AL31) | AN31: =IF(AM31="","",NORM.S.DIST(AM31,TRUE)) | AO31: =IF(AN31="","",IF(AN31<='组合输入'!$K9,"AAA",IF(AN31<='组合输入'!$L9,"AA",IF(AN31<='组合输入'!$M9,"A",IF(AN31<='组合输入'!$N9,"BBB",IF(AN31<='组合输入'!$O9,"BB",IF(AN31<='组合输入'!$P9,"B",IF(AN31<='组合输入'!$Q9,"CCC","D"))))))) | AP31: =IF(AO31="","",INDEX('状态价值'!$D9:$K9,MATCH(AO31,'状态价值'!$D$1:$K$1,0))) | AQ31: =NORM.S.INV(RAND()) | AR31: =IF('组合输入'!$C10="","",'组合输入'!$H10*$B31+SQRT(1-'组合输入'!$H10^2)*AQ31) | AS31: =IF(AR31="","",NORM.S.DIST(AR31,TRUE)) | AT31: =IF(AS31="","",IF(AS31<='组合输入'!$K10,"AAA",IF(AS31<='组合输入'!$L10,"AA",IF(AS31<='组合输入'!$M10,"A",IF(AS31<='组合输入'!$N10,"BBB",IF(AS31<='组合输入'!$O10,"BB",IF(AS31<='组合输入'!$P10,"B",IF(AS31<='组合输入'!$Q10,"CCC","D"))))))) | AU31: =IF(AT31="","",INDEX('状态价值'!$D10:$K10,MATCH(AT31,'状态价值'!$D$1:$K$1,0))) | AV31: =NORM.S.INV(RAND()) | AW31: =IF('组合输入'!$C11="","",'组合输入'!$H11*$B31+SQRT(1-'组合输入'!$H11^2)*AV31) | AX31: =IF(AW31="","",NORM.S.DIST(AW31,TRUE)) | AY31: =IF(AX31="","",IF(AX31<='组合输入'!$K11,"AAA",IF(AX31<='组合输入'!$L11,"AA",IF(AX31<='组合输入'!$M11,"A",IF(AX31<='组合输入'!$N11,"BBB",IF(AX31<='组合输入'!$O11,"BB",IF(AX31<='组合输入'!$P11,"B",IF(AX31<='组合输入'!$Q11,"CCC","D"))))))) | AZ31: =IF(AY31="","",INDEX('状态价值'!$D11:$K11,MATCH(AY31,'状态价值'!$D$1:$K$1,0))) | BA31: =G31+L31+Q31+V31+AA31+AF31+AK31+AP31+AU31+AZ31 | BB31: =SUM('组合输入'!$J$2:$J$11)-BA31
A32: 31 | B32: =NORM.S.INV(RAND()) | C32: =NORM.S.INV(RAND()) | D32: =IF('组合输入'!$C2="","",'组合输入'!$H2*$B32+SQRT(1-'组合输入'!$H2^2)*C32) | E32: =IF(D32="","",NORM.S.DIST(D32,TRUE)) | F32: =IF(E32="","",IF(E32<='组合输入'!$K2,"AAA",IF(E32<='组合输入'!$L2,"AA",IF(E32<='组合输入'!$M2,"A",IF(E32<='组合输入'!$N2,"BBB",IF(E32<='组合输入'!$O2,"BB",IF(E32<='组合输入'!$P2,"B",IF(E32<='组合输入'!$Q2,"CCC","D"))))))) | G32: =IF(F32="","",INDEX('状态价值'!$D2:$K2,MATCH(F32,'状态价值'!$D$1:$K$1,0))) | H32: =NORM.S.INV(RAND()) | I32: =IF('组合输入'!$C3="","",'组合输入'!$H3*$B32+SQRT(1-'组合输入'!$H3^2)*H32) | J32: =IF(I32="","",NORM.S.DIST(I32,TRUE)) | K32: =IF(J32="","",IF(J32<='组合输入'!$K3,"AAA",IF(J32<='组合输入'!$L3,"AA",IF(J32<='组合输入'!$M3,"A",IF(J32<='组合输入'!$N3,"BBB",IF(J32<='组合输入'!$O3,"BB",IF(J32<='组合输入'!$P3,"B",IF(J32<='组合输入'!$Q3,"CCC","D"))))))) | L32: =IF(K32="","",INDEX('状态价值'!$D3:$K3,MATCH(K32,'状态价值'!$D$1:$K$1,0))) | M32: =NORM.S.INV(RAND()) | N32: =IF('组合输入'!$C4="","",'组合输入'!$H4*$B32+SQRT(1-'组合输入'!$H4^2)*M32) | O32: =IF(N32="","",NORM.S.DIST(N32,TRUE)) | P32: =IF(O32="","",IF(O32<='组合输入'!$K4,"AAA",IF(O32<='组合输入'!$L4,"AA",IF(O32<='组合输入'!$M4,"A",IF(O32<='组合输入'!$N4,"BBB",IF(O32<='组合输入'!$O4,"BB",IF(O32<='组合输入'!$P4,"B",IF(O32<='组合输入'!$Q4,"CCC","D"))))))) | Q32: =IF(P32="","",INDEX('状态价值'!$D4:$K4,MATCH(P32,'状态价值'!$D$1:$K$1,0))) | R32: =NORM.S.INV(RAND()) | S32: =IF('组合输入'!$C5="","",'组合输入'!$H5*$B32+SQRT(1-'组合输入'!$H5^2)*R32) | T32: =IF(S32="","",NORM.S.DIST(S32,TRUE)) | U32: =IF(T32="","",IF(T32<='组合输入'!$K5,"AAA",IF(T32<='组合输入'!$L5,"AA",IF(T32<='组合输入'!$M5,"A",IF(T32<='组合输入'!$N5,"BBB",IF(T32<='组合输入'!$O5,"BB",IF(T32<='组合输入'!$P5,"B",IF(T32<='组合输入'!$Q5,"CCC","D"))))))) | V32: =IF(U32="","",INDEX('状态价值'!$D5:$K5,MATCH(U32,'状态价值'!$D$1:$K$1,0))) | W32: =NORM.S.INV(RAND()) | X32: =IF('组合输入'!$C6="","",'组合输入'!$H6*$B32+SQRT(1-'组合输入'!$H6^2)*W32) | Y32: =IF(X32="","",NORM.S.DIST(X32,TRUE)) | Z32: =IF(Y32="","",IF(Y32<='组合输入'!$K6,"AAA",IF(Y32<='组合输入'!$L6,"AA",IF(Y32<='组合输入'!$M6,"A",IF(Y32<='组合输入'!$N6,"BBB",IF(Y32<='组合输入'!$O6,"BB",IF(Y32<='组合输入'!$P6,"B",IF(Y32<='组合输入'!$Q6,"CCC","D"))))))) | AA32: =IF(Z32="","",INDEX('状态价值'!$D6:$K6,MATCH(Z32,'状态价值'!$D$1:$K$1,0))) | AB32: =NORM.S.INV(RAND()) | AC32: =IF('组合输入'!$C7="","",'组合输入'!$H7*$B32+SQRT(1-'组合输入'!$H7^2)*AB32) | AD32: =IF(AC32="","",NORM.S.DIST(AC32,TRUE)) | AE32: =IF(AD32="","",IF(AD32<='组合输入'!$K7,"AAA",IF(AD32<='组合输入'!$L7,"AA",IF(AD32<='组合输入'!$M7,"A",IF(AD32<='组合输入'!$N7,"BBB",IF(AD32<='组合输入'!$O7,"BB",IF(AD32<='组合输入'!$P7,"B",IF(AD32<='组合输入'!$Q7,"CCC","D"))))))) | AF32: =IF(AE32="","",INDEX('状态价值'!$D7:$K7,MATCH(AE32,'状态价值'!$D$1:$K$1,0))) | AG32: =NORM.S.INV(RAND()) | AH32: =IF('组合输入'!$C8="","",'组合输入'!$H8*$B32+SQRT(1-'组合输入'!$H8^2)*AG32) | AI32: =IF(AH32="","",NORM.S.DIST(AH32,TRUE)) | AJ32: =IF(AI32="","",IF(AI32<='组合输入'!$K8,"AAA",IF(AI32<='组合输入'!$L8,"AA",IF(AI32<='组合输入'!$M8,"A",IF(AI32<='组合输入'!$N8,"BBB",IF(AI32<='组合输入'!$O8,"BB",IF(AI32<='组合输入'!$P8,"B",IF(AI32<='组合输入'!$Q8,"CCC","D"))))))) | AK32: =IF(AJ32="","",INDEX('状态价值'!$D8:$K8,MATCH(AJ32,'状态价值'!$D$1:$K$1,0))) | AL32: =NORM.S.INV(RAND()) | AM32: =IF('组合输入'!$C9="","",'组合输入'!$H9*$B32+SQRT(1-'组合输入'!$H9^2)*AL32) | AN32: =IF(AM32="","",NORM.S.DIST(AM32,TRUE)) | AO32: =IF(AN32="","",IF(AN32<='组合输入'!$K9,"AAA",IF(AN32<='组合输入'!$L9,"AA",IF(AN32<='组合输入'!$M9,"A",IF(AN32<='组合输入'!$N9,"BBB",IF(AN32<='组合输入'!$O9,"BB",IF(AN32<='组合输入'!$P9,"B",IF(AN32<='组合输入'!$Q9,"CCC","D"))))))) | AP32: =IF(AO32="","",INDEX('状态价值'!$D9:$K9,MATCH(AO32,'状态价值'!$D$1:$K$1,0))) | AQ32: =NORM.S.INV(RAND()) | AR32: =IF('组合输入'!$C10="","",'组合输入'!$H10*$B32+SQRT(1-'组合输入'!$H10^2)*AQ32) | AS32: =IF(AR32="","",NORM.S.DIST(AR32,TRUE)) | AT32: =IF(AS32="","",IF(AS32<='组合输入'!$K10,"AAA",IF(AS32<='组合输入'!$L10,"AA",IF(AS32<='组合输入'!$M10,"A",IF(AS32<='组合输入'!$N10,"BBB",IF(AS32<='组合输入'!$O10,"BB",IF(AS32<='组合输入'!$P10,"B",IF(AS32<='组合输入'!$Q10,"CCC","D"))))))) | AU32: =IF(AT32="","",INDEX('状态价值'!$D10:$K10,MATCH(AT32,'状态价值'!$D$1:$K$1,0))) | AV32: =NORM.S.INV(RAND()) | AW32: =IF('组合输入'!$C11="","",'组合输入'!$H11*$B32+SQRT(1-'组合输入'!$H11^2)*AV32) | AX32: =IF(AW32="","",NORM.S.DIST(AW32,TRUE)) | AY32: =IF(AX32="","",IF(AX32<='组合输入'!$K11,"AAA",IF(AX32<='组合输入'!$L11,"AA",IF(AX32<='组合输入'!$M11,"A",IF(AX32<='组合输入'!$N11,"BBB",IF(AX32<='组合输入'!$O11,"BB",IF(AX32<='组合输入'!$P11,"B",IF(AX32<='组合输入'!$Q11,"CCC","D"))))))) | AZ32: =IF(AY32="","",INDEX('状态价值'!$D11:$K11,MATCH(AY32,'状态价值'!$D$1:$K$1,0))) | BA32: =G32+L32+Q32+V32+AA32+AF32+AK32+AP32+AU32+AZ32 | BB32: =SUM('组合输入'!$J$2:$J$11)-BA32
A33: 32 | B33: =NORM.S.INV(RAND()) | C33: =NORM.S.INV(RAND()) | D33: =IF('组合输入'!$C2="","",'组合输入'!$H2*$B33+SQRT(1-'组合输入'!$H2^2)*C33) | E33: =IF(D33="","",NORM.S.DIST(D33,TRUE)) | F33: =IF(E33="","",IF(E33<='组合输入'!$K2,"AAA",IF(E33<='组合输入'!$L2,"AA",IF(E33<='组合输入'!$M2,"A",IF(E33<='组合输入'!$N2,"BBB",IF(E33<='组合输入'!$O2,"BB",IF(E33<='组合输入'!$P2,"B",IF(E33<='组合输入'!$Q2,"CCC","D"))))))) | G33: =IF(F33="","",INDEX('状态价值'!$D2:$K2,MATCH(F33,'状态价值'!$D$1:$K$1,0))) | H33: =NORM.S.INV(RAND()) | I33: =IF('组合输入'!$C3="","",'组合输入'!$H3*$B33+SQRT(1-'组合输入'!$H3^2)*H33) | J33: =IF(I33="","",NORM.S.DIST(I33,TRUE)) | K33: =IF(J33="","",IF(J33<='组合输入'!$K3,"AAA",IF(J33<='组合输入'!$L3,"AA",IF(J33<='组合输入'!$M3,"A",IF(J33<='组合输入'!$N3,"BBB",IF(J33<='组合输入'!$O3,"BB",IF(J33<='组合输入'!$P3,"B",IF(J33<='组合输入'!$Q3,"CCC","D"))))))) | L33: =IF(K33="","",INDEX('状态价值'!$D3:$K3,MATCH(K33,'状态价值'!$D$1:$K$1,0))) | M33: =NORM.S.INV(RAND()) | N33: =IF('组合输入'!$C4="","",'组合输入'!$H4*$B33+SQRT(1-'组合输入'!$H4^2)*M33) | O33: =IF(N33="","",NORM.S.DIST(N33,TRUE)) | P33: =IF(O33="","",IF(O33<='组合输入'!$K4,"AAA",IF(O33<='组合输入'!$L4,"AA",IF(O33<='组合输入'!$M4,"A",IF(O33<='组合输入'!$N4,"BBB",IF(O33<='组合输入'!$O4,"BB",IF(O33<='组合输入'!$P4,"B",IF(O33<='组合输入'!$Q4,"CCC","D"))))))) | Q33: =IF(P33="","",INDEX('状态价值'!$D4:$K4,MATCH(P33,'状态价值'!$D$1:$K$1,0))) | R33: =NORM.S.INV(RAND()) | S33: =IF('组合输入'!$C5="","",'组合输入'!$H5*$B33+SQRT(1-'组合输入'!$H5^2)*R33) | T33: =IF(S33="","",NORM.S.DIST(S33,TRUE)) | U33: =IF(T33="","",IF(T33<='组合输入'!$K5,"AAA",IF(T33<='组合输入'!$L5,"AA",IF(T33<='组合输入'!$M5,"A",IF(T33<='组合输入'!$N5,"BBB",IF(T33<='组合输入'!$O5,"BB",IF(T33<='组合输入'!$P5,"B",IF(T33<='组合输入'!$Q5,"CCC","D"))))))) | V33: =IF(U33="","",INDEX('状态价值'!$D5:$K5,MATCH(U33,'状态价值'!$D$1:$K$1,0))) | W33: =NORM.S.INV(RAND()) | X33: =IF('组合输入'!$C6="","",'组合输入'!$H6*$B33+SQRT(1-'组合输入'!$H6^2)*W33) | Y33: =IF(X33="","",NORM.S.DIST(X33,TRUE)) | Z33: =IF(Y33="","",IF(Y33<='组合输入'!$K6,"AAA",IF(Y33<='组合输入'!$L6,"AA",IF(Y33<='组合输入'!$M6,"A",IF(Y33<='组合输入'!$N6,"BBB",IF(Y33<='组合输入'!$O6,"BB",IF(Y33<='组合输入'!$P6,"B",IF(Y33<='组合输入'!$Q6,"CCC","D"))))))) | AA33: =IF(Z33="","",INDEX('状态价值'!$D6:$K6,MATCH(Z33,'状态价值'!$D$1:$K$1,0))) | AB33: =NORM.S.INV(RAND()) | AC33: =IF('组合输入'!$C7="","",'组合输入'!$H7*$B33+SQRT(1-'组合输入'!$H7^2)*AB33) | AD33: =IF(AC33="","",NORM.S.DIST(AC33,TRUE)) | AE33: =IF(AD33="","",IF(AD33<='组合输入'!$K7,"AAA",IF(AD33<='组合输入'!$L7,"AA",IF(AD33<='组合输入'!$M7,"A",IF(AD33<='组合输入'!$N7,"BBB",IF(AD33<='组合输入'!$O7,"BB",IF(AD33<='组合输入'!$P7,"B",IF(AD33<='组合输入'!$Q7,"CCC","D"))))))) | AF33: =IF(AE33="","",INDEX('状态价值'!$D7:$K7,MATCH(AE33,'状态价值'!$D$1:$K$1,0))) | AG33: =NORM.S.INV(RAND()) | AH33: =IF('组合输入'!$C8="","",'组合输入'!$H8*$B33+SQRT(1-'组合输入'!$H8^2)*AG33) | AI33: =IF(AH33="","",NORM.S.DIST(AH33,TRUE)) | AJ33: =IF(AI33="","",IF(AI33<='组合输入'!$K8,"AAA",IF(AI33<='组合输入'!$L8,"AA",IF(AI33<='组合输入'!$M8,"A",IF(AI33<='组合输入'!$N8,"BBB",IF(AI33<='组合输入'!$O8,"BB",IF(AI33<='组合输入'!$P8,"B",IF(AI33<='组合输入'!$Q8,"CCC","D"))))))) | AK33: =IF(AJ33="","",INDEX('状态价值'!$D8:$K8,MATCH(AJ33,'状态价值'!$D$1:$K$1,0))) | AL33: =NORM.S.INV(RAND()) | AM33: =IF('组合输入'!$C9="","",'组合输入'!$H9*$B33+SQRT(1-'组合输入'!$H9^2)*AL33) | AN33: =IF(AM33="","",NORM.S.DIST(AM33,TRUE)) | AO33: =IF(AN33="","",IF(AN33<='组合输入'!$K9,"AAA",IF(AN33<='组合输入'!$L9,"AA",IF(AN33<='组合输入'!$M9,"A",IF(AN33<='组合输入'!$N9,"BBB",IF(AN33<='组合输入'!$O9,"BB",IF(AN33<='组合输入'!$P9,"B",IF(AN33<='组合输入'!$Q9,"CCC","D"))))))) | AP33: =IF(AO33="","",INDEX('状态价值'!$D9:$K9,MATCH(AO33,'状态价值'!$D$1:$K$1,0))) | AQ33: =NORM.S.INV(RAND()) | AR33: =IF('组合输入'!$C10="","",'组合输入'!$H10*$B33+SQRT(1-'组合输入'!$H10^2)*AQ33) | AS33: =IF(AR33="","",NORM.S.DIST(AR33,TRUE)) | AT33: =IF(AS33="","",IF(AS33<='组合输入'!$K10,"AAA",IF(AS33<='组合输入'!$L10,"AA",IF(AS33<='组合输入'!$M10,"A",IF(AS33<='组合输入'!$N10,"BBB",IF(AS33<='组合输入'!$O10,"BB",IF(AS33<='组合输入'!$P10,"B",IF(AS33<='组合输入'!$Q10,"CCC","D"))))))) | AU33: =IF(AT33="","",INDEX('状态价值'!$D10:$K10,MATCH(AT33,'状态价值'!$D$1:$K$1,0))) | AV33: =NORM.S.INV(RAND()) | AW33: =IF('组合输入'!$C11="","",'组合输入'!$H11*$B33+SQRT(1-'组合输入'!$H11^2)*AV33) | AX33: =IF(AW33="","",NORM.S.DIST(AW33,TRUE)) | AY33: =IF(AX33="","",IF(AX33<='组合输入'!$K11,"AAA",IF(AX33<='组合输入'!$L11,"AA",IF(AX33<='组合输入'!$M11,"A",IF(AX33<='组合输入'!$N11,"BBB",IF(AX33<='组合输入'!$O11,"BB",IF(AX33<='组合输入'!$P11,"B",IF(AX33<='组合输入'!$Q11,"CCC","D"))))))) | AZ33: =IF(AY33="","",INDEX('状态价值'!$D11:$K11,MATCH(AY33,'状态价值'!$D$1:$K$1,0))) | BA33: =G33+L33+Q33+V33+AA33+AF33+AK33+AP33+AU33+AZ33 | BB33: =SUM('组合输入'!$J$2:$J$11)-BA33
